영화코드,영화명,개봉연월일,매출액,관객수,스크린수,상영횟수,개봉연도,개봉월
20090834,아바타,2009-12-17,81455728000,8151952,714,111860,2009,12
20100214,아저씨,2010-08-04,47101332000,6178248,501,109853,2010,8
20100312,인셉션,2010-07-21,44309381800,5937741,772,89880,2010,7
20090904,의형제,2010-02-04,40153729000,5416812,569,118243,2010,2
20090933,아이언맨 2,2010-04-29,32635195500,4425003,921,87665,2010,4
20090077,전우치,2009-12-23,26345113000,3611472,556,73175,2009,12
20100209,이끼,2010-07-14,25437300500,3350303,740,58198,2010,7
20100296,포화속으로,2010-06-16,23831958600,3330324,742,80091,2010,6
20090914,하모니,2010-01-28,21641750000,3018131,384,77723,2010,1
20090927,방자전,2010-06-02,22490024000,2985483,495,67562,2010,6
20100370,솔트,2010-07-29,21360288000,2869938,556,53679,2010,7
20100213,부당거래,2010-10-28,20996302500,2722996,502,69703,2010,10
20100834,시라노; 연애조작단,2010-09-16,19838369000,2684783,415,77736,2010,9
20100018,타이탄,2010-04-01,21796996500,2642483,694,87911,2010,4
20100190,드래곤 길들이기,2010-05-20,27040606000,2562412,563,57264,2010,5
20101224,해리 포터와 죽음의 성물1,2010-12-15,16974636000,2396988,717,40463,2010,12
20100188,하녀,2010-05-13,17038639000,2267556,555,59621,2010,5
20100310,나잇&데이,2010-06-24,16777869600,2243484,494,54797,2010,6
20100333,슈렉 포에버,2010-07-01,22809145100,2223851,561,51317,2010,7
20090930,이상한 나라의 앨리스,2010-03-04,20334399500,2147012,397,58393,2010,3
20101010,초능력자,2010-11-10,15374489000,2130606,612,58000,2010,11
20100361,이클립스,2010-07-07,14945720000,2069246,535,46355,2010,7
20101221,쩨쩨한 로맨스,2010-12-01,15338827000,2009586,450,46199,2010,12
20100193,페르시아의 왕자: 시간의 모래,2010-05-27,14483501000,1970823,567,51307,2010,5
20090923,퍼시 잭슨과 번개 도둑,2010-02-11,13158158500,1846180,334,43667,2010,2
20100305,해결사,2010-09-09,13844624000,1843404,525,59325,2010,9
20100301,악마를 보았다,2010-08-12,13919416500,1817063,490,42721,2010,8
20090951,로빈 후드,2010-05-13,11560588500,1570681,544,41953,2010,5
20100833,무적자,2010-09-16,11629780500,1546132,412,46186,2010,9
20101222,황해,2010-12-22,11524115000,1497242,618,23295,2010,12
20100377,토이 스토리 3,2010-08-05,14319338600,1458865,393,28615,2010,8
20090931,구르믈 버서난 달처럼,2010-04-28,10241716500,1383867,506,48314,2010,4
20100767,라스트 에어벤더,2010-08-19,13854892500,1371164,399,32416,2010,8
20101223,헬로우 고스트,2010-12-22,22056966500,3019780,890,57578,2010,12
20090939,육혈포 강도단,2010-03-18,8651186000,1214237,319,51941,2010,3
20100302,심야의 F.M.,2010-10-14,9179170500,1208306,423,50423,2010,10
20100811,레지던트 이블 4: 끝나지 않은 전쟁 3D,2010-09-16,14533948000,1190008,337,37849,2010,9
20101213,나니아 연대기: 새벽 출정호의 항해,2010-12-08,10889884000,1140201,493,32481,2010,12
20090888,용서는 없다,2010-01-07,8544828000,1118277,323,33614,2010,1
20100131,베스트셀러,2010-04-15,7983184500,1081752,308,41064,2010,4
20101200,김종욱 찾기,2010-12-08,7894328000,1081748,427,31167,2010,12
20100810,마루 밑 아리에티,2010-09-09,7649985500,1065967,337,29804,2010,9
20090856,셜록 홈즈,2009-12-23,7787961500,1052059,359,25768,2009,12
20100814,슈퍼  배드,2010-09-16,9717463000,1027050,338,24577,2010,9
20100353,파괴된 사나이,2010-07-01,7692092100,1012310,363,31985,2010,7
20100103,셔터 아일랜드,2010-03-18,7407854500,990223,272,29043,2010,3
20100835,방가? 방가!,2010-09-30,7013842000,972431,312,41556,2010,9
20090160,평행이론,2010-02-18,6793066000,921111,265,32341,2010,2
20101212,투어리스트,2010-12-09,6728872000,901843,418,26842,2010,12
20101133,스카이 라인,2010-11-24,6320601500,860340,427,31690,2010,11
20110659,트랜스포머 3,2011-06-29,74840681500,7784743,1409,124450,2011,6
20110302,최종병기 활,2011-08-10,55827861500,7470633,615,130054,2011,8
20110193,써니,2011-05-04,54035565100,7362657,546,149135,2011,5
20112695,완득이,2011-10-20,38526161500,5309928,629,117763,2011,10
20110511,쿵푸팬더 2,2011-05-26,44298708500,5062720,948,101338,2011,5
20112207,미션임파서블:고스트프로토콜,2011-12-15,57301924000,7508896,1721,114765,2011,12
20102414,조선명탐정 : 각시투구꽃의 비밀,2011-01-27,35841769500,4786259,634,84189,2011,1
20112534,도가니,2011-09-22,35566854800,4662822,756,88337,2011,9
20111009,해리포터와 죽음의 성물2,2011-07-13,34507600000,4400270,757,70380,2011,7
20112173,리얼 스틸,2011-10-12,26566677000,3579666,603,87650,2011,10
20110294,캐리비안의 해적: 낯선 조류,2011-05-19,27279967500,3130046,960,67036,2011,5
20110290,퀵,2011-07-20,22960890000,3125069,514,60714,2011,7
20119515,고지전,2011-07-20,21968557600,2945137,585,53738,2011,7
20113381,오싹한 연애,2011-12-01,20289813500,2777998,544,54630,2011,12
20110896,혹성탈출: 진화의 시작,2011-08-17,20629757000,2773794,514,61229,2011,8
20119618,위험한 상견례,2011-03-31,19174920500,2595625,524,75068,2011,3
20110561,엑스맨: 퍼스트 클래스,2011-06-02,19075363000,2533852,587,56827,2011,6
20110613,의뢰인,2011-09-29,17797042500,2393086,522,58414,2011,9
20112272,가문의 영광4 - 가문의 수난,2011-09-07,17792219500,2368267,537,48432,2011,9
20110297,블라인드,2011-08-10,18390012500,2367942,404,49358,2011,8
20119513,7광구,2011-08-04,19391653500,2242510,812,47346,2011,8
20110279,마당을 나온 암탉,2011-07-28,14668226000,2201273,363,39224,2011,7
20101209,라스트 갓파더,2010-12-29,14558299500,1998059,547,38175,2010,12
20102416,글러브,2011-01-20,13756104000,1887731,605,44725,2011,1
20119341,아이들...,2011-02-17,13579712500,1867849,504,41515,2011,2
20102417,걸리버 여행기,2011-01-27,16441365500,1762071,527,41181,2011,1
20102415,평양성,2011-01-27,12684530500,1717566,483,41860,2011,1
20110211,토르: 천둥의 신,2011-04-28,15985737000,1694562,496,45188,2011,4
20119337,그대를 사랑합니다,2011-02-17,12041827000,1645505,292,57869,2011,2
20119577,블랙 스완,2011-02-24,12484661500,1623310,344,46840,2011,2
20110185,분노의 질주: 언리미티드,2011-04-20,12292868000,1621973,457,43329,2011,4
20110295,마이 웨이,2011-12-21,11813839000,1586042,645,29481,2011,12
20110905,브레이킹 던 part1,2011-11-30,10692564000,1459449,636,43060,2011,11
20111987,신들의 전쟁,2011-11-10,11726682000,1338411,525,46169,2011,11
20119707,월드 인베이젼,2011-03-10,9799358000,1307873,441,44241,2011,3
20112621,셜록홈즈 : 그림자 게임,2011-12-21,9502305000,1289857,370,20512,2011,12
20110221,소스 코드,2011-05-04,9640238500,1277690,403,38744,2011,5
20110906,특수본,2011-11-24,8096052500,1118258,471,40881,2011,11
20119974,수상한 고객들,2011-04-14,7953428000,1059350,411,33930,2011,4
20112589,오직 그대만,2011-10-20,7591008500,1027622,435,35365,2011,10
20111540,개구쟁이 스머프,2011-08-11,7722519000,1027436,399,18225,2011,8
20101395,라푼젤,2011-02-10,10161464800,1011163,328,22107,2011,2
20101399,심장이 뛴다,2011-01-05,7538083500,1006947,445,26778,2011,1
20111571,파퍼씨네 펭귄들,2011-09-07,7049177000,980387,333,26307,2011,9
20102421,메가마인드,2011-01-13,8688842000,875631,414,22905,2011,1
20119619,체포왕,2011-05-04,6413325500,870887,407,32545,2011,5
19820019,만추,2011-02-17,6313817000,845845,444,25590,2011,2
20113260,퍼펙트 게임,2011-12-21,5996408000,811772,413,19726,2011,12
20119637,킹스 스피치,2011-03-17,5963126500,806248,327,33979,2011,3
20124034,도둑들,2012-07-25,93664808500,12983178,1091,155392,2012,7
20124079,"광해, 왕이 된 남자",2012-09-13,88899448769,12319390,1001,203400,2012,9
20124721,어벤져스,2012-04-26,59557853478,7074867,967,109697,2012,4
20124054,늑대소년,2012-10-31,46590107000,6654390,854,109069,2012,10
20112703,다크 나이트 라이즈,2012-07-19,47644838000,6396528,1210,81254,2012,7
20124067,바람과 함께 사라지다,2012-08-08,34614661161,4909937,694,78591,2012,8
20126077,어메이징 스파이더맨,2012-06-28,41163951235,4853123,1118,92755,2012,6
20113557,범죄와의 전쟁: 나쁜놈들 전성시대,2012-02-02,36538823500,4719872,713,91889,2012,2
20113554,내 아내의 모든 것,2012-05-17,34223620500,4598821,563,91773,2012,5
20124062,연가시,2012-07-05,32175400664,4515833,759,71928,2012,7
20124074,건축학개론,2012-03-22,30222696000,4111068,593,106067,2012,3
20113743,댄싱퀸,2012-01-18,30130775500,4058225,544,80987,2012,1
20113535,부러진 화살,2012-01-18,25878629500,3451025,530,71560,2012,1
20113885,맨 인 블랙 3,2012-05-24,27301520070,3379762,770,69538,2012,5
20128274,레미제라블,2012-12-19,43064419000,5917586,1288,82501,2012,12
20088506,26년,2012-11-29,21111878145,2940475,611,50044,2012,11
20124075,내가 살인범이다,2012-11-08,20392266000,2729798,547,58409,2012,11
20126469,브레이킹 던 part2,2012-11-15,18909583065,2654817,665,56995,2012,11
20113533,후궁 : 제왕의 첩,2012-06-06,19330302500,2636320,624,69104,2012,6
20125048,호빗: 뜻밖의 여정,2012-12-13,21724069066,2605124,1028,44977,2012,12
20124050,화차,2012-03-08,18459428000,2436438,548,62643,2012,3
20125920,이웃사람,2012-08-22,18088462369,2434269,600,56752,2012,8
20113461,007 스카이폴,2012-10-26,17487213000,2376145,748,51357,2012,10
20128447,테이큰 2,2012-09-27,17581098553,2308596,682,51344,2012,9
20112134,배틀쉽,2012-04-11,16545921500,2241687,736,53109,2012,4
20113862,장화신은 고양이,2012-01-12,17602643500,2080445,593,45451,2012,1
20124039,타워,2012-12-25,37654858000,5181014,1255,81147,2012,12
20124045,코리아,2012-05-03,13448848500,1872681,537,49679,2012,5
20124936,나의 PS 파트너,2012-12-06,13548606616,1786831,552,37625,2012,12
20124399,반창꼬,2012-12-19,12459852719,1730535,466,26039,2012,12
20113916,러브픽션,2012-02-29,13200412500,1726202,617,44130,2012,2
20124142,언터처블: 1%의 우정,2012-03-22,12735040000,1720472,454,48976,2012,3
20126667,아이스 에이지 4: 대륙 이동설,2012-07-25,12291969704,1648110,501,26899,2012,7
20124063,공모자들,2012-08-29,12240964500,1646142,496,44959,2012,8
20124136,마다가스카3 : 이번엔 서커스다!,2012-06-06,12521043500,1629799,564,34150,2012,6
20110249,하울링,2012-02-16,11765293500,1612554,550,44753,2012,2
20124057,용의자X,2012-10-18,11241013000,1552055,553,42989,2012,10
20126406,새미의 어드벤쳐 2,2012-08-01,10856204000,1457380,486,26436,2012,8
20124065,차형사,2012-05-30,9752555296,1346754,433,39152,2012,5
20124066,은교,2012-04-25,9918274444,1346359,521,41683,2012,4
20124400,간첩,2012-09-20,9316548500,1310895,576,41726,2012,9
20124032,간기남,2012-04-11,9356404500,1246185,396,38155,2012,4
20127634,메리다와 마법의 숲,2012-09-27,9024766000,1231024,479,22087,2012,9
20125647,토탈 리콜,2012-08-15,8958236000,1219637,448,27089,2012,8
20124049,R2B: 리턴투베이스,2012-08-15,8602921371,1201944,539,32881,2012,8
20124064,돈의 맛,2012-05-17,8780178611,1166018,643,36922,2012,5
20113653,잃어버린 세계를 찾아서 2: 신비의 섬,2012-01-19,9784305000,1149628,398,27236,2012,1
20113886,회사원,2012-10-11,8321175000,1110523,549,41275,2012,10
20126407,가디언즈,2012-11-29,8083010500,1056250,470,21045,2012,11
20127593,7번방의 선물,2013-01-23,91431914670,12811206,866,166815,2013,1
20126674,설국열차,2013-08-01,67010087500,9349993,1128,124823,2013,8
20126091,관상,2013-09-11,66005427500,9134581,1240,125073,2013,9
20121621,아이언맨 3,2013-04-25,70806364000,9001331,1389,163584,2013,4
20124083,베를린,2013-01-30,52355568637,7166290,894,111744,2013,1
20126672,은밀하게 위대하게,2013-06-05,48700887413,6959083,1341,117461,2013,6
20134803,변호인,2013-12-18,82871781800,11374618,1848,152267,2013,12
20136049,숨바꼭질,2013-08-14,39602977500,5604103,779,88062,2013,8
20136052,더 테러 라이브,2013-07-31,39869706381,5584139,809,93488,2013,7
20122783,감시자들,2013-07-03,39380162179,5508017,949,100309,2013,7
20122122,월드 워 Z,2013-06-20,38555356000,5237525,964,100823,2013,6
20124401,신세계,2013-02-21,34881330905,4682492,671,90580,2013,2
20124935,박수건달,2013-01-09,28343986569,3893216,603,60585,2013,1
20124086,스파이,2013-09-05,24509278305,3435802,785,72796,2013,9
20139221,그래비티,2013-10-17,31214018600,3194693,636,80584,2013,10
20124937,감기,2013-08-14,21774884000,3117859,806,55046,2013,8
20138355,토르: 다크 월드,2013-10-30,22525808500,3039889,733,78095,2013,10
20136962,레드: 더 레전드,2013-07-18,21511371970,3004649,739,55733,2013,7
20137044,친구 2,2013-11-14,21795237513,2969900,968,69856,2013,11
20135428,어바웃 타임,2013-12-05,21079692500,2889629,706,53175,2013,12
20138881,나우 유 씨 미 : 마술사기단,2013-08-22,19146691869,2718227,691,54658,2013,8
20134582,소원,2013-10-02,18529862600,2711083,651,72329,2013,10
20136961,퍼시픽 림,2013-07-11,20477374512,2539113,1005,55655,2013,7
20123383,화이: 괴물을 삼킨 아이,2013-10-09,17695412795,2394453,817,59049,2013,10
20131381,컨저링,2013-09-17,16353225777,2262758,563,48616,2013,9
20137961,맨 오브 스틸,2013-06-13,17092964063,2182227,998,55514,2013,6
20124938,용의자,2013-12-24,30037521000,4131338,1425,69124,2013,12
20134267,호빗: 스마우그의 폐허,2013-12-12,16564184549,2115878,811,35223,2013,12
20122784,몽타주,2013-05-16,15002458500,2095592,544,53195,2013,5
20137549,터보,2013-07-25,13116737000,1924414,634,28783,2013,7
20128690,연애의 온도,2013-03-21,13798864446,1865195,567,57847,2013,3
20113972,지.아이.조 2,2013-03-28,14457048500,1855917,766,62627,2013,3
20135221,분노의 질주: 더 맥시멈,2013-05-22,13210338042,1790916,657,44371,2013,5
20129606,공범,2013-10-24,12333110882,1766285,611,51425,2013,10
20134123,집으로 가는 길,2013-12-11,12373339745,1763231,740,39811,2013,12
20125333,전설의 주먹,2013-04-10,12777314500,1744585,724,57593,2013,4
20129368,파파로티,2013-03-14,11825934000,1716429,552,53601,2013,3
20123329,스타트렉 다크니스,2013-05-30,12964828000,1605271,607,40504,2013,5
20128386,라이프 오브 파이,2013-01-01,15812506500,1588373,392,32722,2013,1
20134181,오블리비언,2013-04-11,11165841500,1515356,634,47871,2013,4
20136219,위대한 개츠비,2013-05-16,10581329643,1445248,562,36008,2013,5
20123387,다이하드: 굿 데이 투 다이,2013-02-06,10825703000,1438056,459,33055,2013,2
20126671,런닝맨,2013-04-04,10060239500,1422844,567,45995,2013,4
20124082,미스터 고,2013-07-17,9337976000,1328888,840,38263,2013,7
20136061,결혼전야,2013-11-21,8434175719,1212843,524,38819,2013,11
20123381,깡철이,2013-10-02,8572344462,1209363,707,43102,2013,10
20137811,엘리시움,2013-08-29,9017994500,1207732,588,31515,2013,8
20129114,더 웹툰: 예고살인,2013-06-27,8537683070,1201457,541,35931,2013,6
20129370,명량,2014-07-30,135748398910,17613682,1587,188611,2014,7
20136803,겨울왕국,2014-01-16,82461504400,10296101,1010,157683,2014,1
20149120,인터스텔라,2014-11-06,80671424300,10105247,1410,166218,2014,11
20136064,해적: 바다로 간 산적,2014-08-06,66370682706,8666046,910,133350,2014,8
20131102,수상한 그녀,2014-01-22,62705348249,8657982,1027,136975,2014,1
20137048,국제시장,2014-12-17,110930943730,14261581,2010,212664,2014,12
20122021,트랜스포머: 사라진 시대,2014-06-25,44012752845,5295836,1602,107875,2014,6
20123501,군도: 민란의 시대,2014-07-23,36988022499,4774931,1394,67237,2014,7
20148807,엣지 오브 투모로우,2014-06-04,38732961201,4699307,801,94559,2014,6
20147669,엑스맨: 데이즈 오브 퓨처 패스트,2014-05-22,34654558766,4313871,1056,82722,2014,5
20135661,어메이징 스파이더맨 2,2014-04-23,34869101800,4168353,1312,91715,2014,4
20134804,타짜-신의 손,2014-09-03,32373120927,4015361,890,80584,2014,9
20148973,혹성탈출: 반격의 서막,2014-07-10,31514053095,4002560,956,72881,2014,7
20147790,캡틴 아메리카: 윈터 솔져,2014-03-26,31711040385,3963251,1106,110109,2014,3
20139183,역린,2014-04-30,29894266890,3849552,1054,83296,2014,4
20141111,"님아, 그 강을 건너지 마오",2014-11-27,29845829479,3846378,806,67170,2014,11
20139201,신의 한 수,2014-07-03,28812027456,3566852,794,77109,2014,7
20130442,끝까지 간다,2014-05-29,27007303900,3450305,645,84875,2014,5
20149629,비긴 어게인,2014-08-13,27098834504,3427524,525,82684,2014,8
20131248,드래곤 길들이기 2,2014-07-23,23979935189,3000056,829,51924,2014,7
20139164,표적,2014-04-30,22256769300,2841828,716,72255,2014,4
20140431,메이즈 러너,2014-09-18,21489367677,2812427,655,71048,2014,9
20140226,호빗: 다섯 군대 전투,2014-12-17,21428483344,2509887,926,43833,2014,12
20147930,나의 사랑 나의 신부,2014-10-08,16636404305,2141155,629,69681,2014,10
20147299,논스톱,2014-02-27,16066549940,2084482,582,58217,2014,2
20149811,인투 더 스톰,2014-08-28,16157166332,2078698,585,45899,2014,8
20133602,노아,2014-03-20,15514373500,2026594,952,56722,2014,3
20137043,남자가 사랑할 때,2014-01-22,14510222300,1979311,531,41123,2014,1
20135656,루시,2014-09-03,16468076039,1974893,641,44585,2014,9
20149265,기술자들,2014-12-24,13652480148,1778083,641,24416,2014,12
20140425,나를 찾아줘,2014-10-23,14017716731,1764233,689,50846,2014,10
20134589,제보자,2014-10-02,13515762802,1755181,676,58358,2014,10
20139881,피끓는 청춘,2014-01-22,11688382888,1676040,679,36082,2014,1
20134594,두근두근 내 인생,2014-09-03,12291081634,1624601,629,40158,2014,9
20138226,우아한 거짓말,2014-03-13,11728460300,1619188,573,57492,2014,3
20147247,300: 제국의 부활,2014-03-06,13395159700,1593116,720,54902,2014,3
20140842,엑소더스: 신들과 왕들,2014-12-03,12442681926,1511195,865,43742,2014,12
20134082,해무(海霧),2014-08-13,11706782519,1475507,584,33490,2014,8
20133322,인간중독,2014-05-14,11284912400,1441973,682,44057,2014,5
20148383,말레피센트,2014-05-29,10776965900,1397526,554,38894,2014,5
20134028,폼페이: 최후의 날,2014-02-20,10303127700,1373873,561,43288,2014,2
20140694,퓨리,2014-11-20,10367640686,1362114,590,37155,2014,11
20141261,드라큘라: 전설의 시작,2014-10-08,10607703908,1321751,477,46483,2014,10
20149317,가디언즈 오브 갤럭시,2014-07-31,11098239184,1311190,539,22417,2014,7
20139401,찌라시: 위험한 소문,2014-02-20,9111748087,1221427,560,37426,2014,2
20134590,빅매치,2014-11-27,8952096578,1177438,627,38527,2014,11
20135386,슬로우 비디오,2014-10-02,8913092219,1169562,618,40665,2014,10
20129787,방황하는 칼날,2014-04-10,7828891800,989906,594,38850,2014,4
20148048,베테랑,2015-08-05,105168155250,13414009,1115,199231,2015,8
20148851,암살,2015-07-22,98463132781,12705700,1519,175185,2015,7
20148493,어벤져스: 에이지 오브 울트론,2015-04-23,88582586366,10494499,1843,191778,2015,4
20149314,내부자들,2015-11-19,56465665657,7055332,1129,152265,2015,11
20148846,사도,2015-09-16,48842902501,6246849,1210,124246,2015,9
20140110,킹스맨 : 시크릿 에이전트,2015-02-11,50369009795,6129681,728,139988,2015,2
20157881,미션 임파서블: 로그네이션,2015-07-30,48547353607,6126488,1202,89682,2015,7
20134798,연평해전,2015-06-24,45563228330,6043784,1013,114450,2015,6
20098169,쥬라기 월드,2015-06-11,47800698826,5546792,1290,118959,2015,6
20145503,검은 사제들,2015-11-05,42405282092,5442128,1109,131155,2015,11
20136068,히말라야,2015-12-16,60175363015,7759761,2050,142715,2015,12
20151225,인사이드 아웃,2015-07-09,38024694936,4969735,931,84000,2015,7
20151383,마션,2015-10-08,39663145295,4880800,1132,114183,2015,10
20149570,조선명탐정 : 사라진 놉의 딸,2015-02-11,30456879428,3872015,825,80499,2015,2
20144741,매드 맥스: 분노의 도로,2015-05-14,32912842162,3843343,799,98824,2015,5
20152022,인턴,2015-09-24,28517727148,3610564,659,81552,2015,9
20143580,분노의 질주: 더 세븐,2015-04-01,26454098694,3247955,983,93612,2015,4
20141384,터미네이터 제니시스,2015-07-02,26556715129,3240370,1113,77590,2015,7
20148845,스물,2015-03-25,23563421686,3044811,926,100161,2015,3
20148855,극비수사,2015-06-18,22389535897,2860786,894,66211,2015,6
20155702,앤트맨,2015-09-03,23529209937,2841795,949,74649,2015,9
20154141,스타워즈: 깨어난 포스,2015-12-17,24149478540,2803234,940,56425,2015,12
20149951,빅 히어로,2015-01-21,21993119765,2801949,825,62229,2015,1
20150622,메이즈 러너: 스코치 트라이얼,2015-09-16,21596946349,2744413,804,58725,2015,9
20156557,탐정 : 더 비기닝,2015-09-24,20463956973,2625686,764,54995,2015,9
20145361,미니언즈,2015-07-29,18998046278,2625599,792,41946,2015,7
20158621,스파이,2015-05-21,18417637358,2318748,665,62960,2015,5
20149569,악의 연대기,2015-05-14,17361815332,2192525,776,64351,2015,5
20136888,강남 1970,2015-01-21,17718699499,2192276,841,53304,2015,1
20143572,뷰티 인사이드,2015-08-20,16148479531,2053435,648,52618,2015,8
20142407,오늘의 연애,2015-01-14,14924654487,1891993,709,47237,2015,1
20143642,테이큰 3,2015-01-01,15088105000,1860934,616,38060,2015,1
20157432,007 스펙터,2015-11-11,14301476030,1820760,1105,51940,2015,11
20141962,이미테이션 게임,2015-02-17,13655929120,1743963,541,44782,2015,2
20144682,샌 안드레아스,2015-06-03,14435844152,1716455,847,62016,2015,6
20148188,쎄시봉,2015-02-05,13571515911,1715370,829,51744,2015,2
20157464,더 폰,2015-10-22,12309164568,1593694,794,53599,2015,10
20145141,위플래쉬,2015-03-12,12656619045,1589032,574,56028,2015,3
20145171,대호,2015-12-16,12104808332,1584168,892,39599,2015,12
20149859,마다가스카의 펭귄,2014-12-31,11450482159,1512340,615,27171,2014,12
20149266,차이나타운,2015-04-29,11990370378,1472106,551,45137,2015,4
20140703,장수상회,2015-04-09,8737364643,1165780,688,52928,2015,4
20142855,성난 변호사,2015-10-08,8723650039,1128288,607,36990,2015,10
20142402,간신,2015-05-21,8946842910,1110246,697,40580,2015,5
20143541,박물관이 살아있다 : 비밀의 무덤,2015-01-14,8170784606,1101678,500,30146,2015,1
20157465,그놈이다,2015-10-28,8096427152,1046015,681,38678,2015,10
20143513,미쓰 와이프,2015-08-13,7387086869,988451,437,28864,2015,8
20154242,몬스터 호텔 2,2015-12-24,7029012585,962770,686,12388,2015,12
20131262,허삼관,2015-01-14,7408943569,955679,621,27645,2015,1
20156564,부산행,2016-07-20,93178283048,11565479,1788,151315,2016,7
20145507,검사외전,2016-02-03,77320403264,9707581,1812,153532,2016,2
20159364,캡틴 아메리카: 시빌 워,2016-04-27,72672111827,8677249,1991,161696,2016,4
20159646,밀정,2016-09-07,61269783831,7500420,1444,138161,2016,9
20154910,터널,2016-08-10,57529484417,7120508,1105,113201,2016,8
20156250,인천상륙작전,2016-07-27,55101410303,7049643,1049,97019,2016,7
20153444,럭키,2016-10-13,56444461256,6975290,1234,155977,2016,10
20140194,곡성,2016-05-12,55863520382,6879908,1485,130322,2016,5
20150979,덕혜옹주,2016-08-03,44393828109,5599229,964,97312,2016,8
20163181,닥터 스트레인지,2016-10-26,47481830396,5446239,1503,162856,2016,10
20161725,마스터,2016-12-21,58068236865,7150586,2746,126927,2016,12
20155501,주토피아,2016-02-17,37096057742,4706158,735,131005,2016,2
20162365,신비한 동물사전,2016-11-16,39300515858,4662534,1431,115676,2016,11
20144641,판도라,2016-12-07,33955398164,4313864,1184,90758,2016,12
20144444,아가씨,2016-06-01,35211229991,4287839,1171,90365,2016,6
20151803,쿵푸팬더3,2016-01-28,31340798156,3984812,1365,97404,2016,1
20161364,귀향,2016-02-24,27249738990,3587173,876,90286,2016,2
20153781,데드풀,2016-02-17,27595618651,3317196,1036,82521,2016,2
20150203,나우 유 씨 미 2,2016-07-13,25116690113,3100113,1200,56981,2016,7
20154661,형,2016-11-23,23113768293,2979659,993,83518,2016,11
20150523,엑스맨: 아포칼립스,2016-05-25,24467887950,2938818,1262,66471,2016,5
20164501,미스 페레그린과 이상한 아이들의 집,2016-09-28,21841214586,2718158,904,70451,2016,9
20161907,제이슨 본,2016-07-27,21253434663,2611966,827,39806,2016,7
20159058,도리를 찾아서,2016-07-06,20703899933,2601734,1091,55110,2016,7
20153443,아수라,2016-09-28,20576226662,2594028,1278,68040,2016,9
20162967,정글북,2016-06-09,21517647134,2537438,924,59041,2016,6
20156082,마이펫의 이중생활,2016-08-03,19406436655,2520670,726,39653,2016,8
20167904,라라랜드,2016-12-07,20661065832,2496813,1114,70196,2016,12
20152781,배트맨 대 슈퍼맨: 저스티스의 시작,2016-03-24,18906246428,2256913,1709,95669,2016,3
20150972,굿바이 싱글,2016-06-29,16912706195,2108273,841,56380,2016,6
20159644,봉이 김선달,2016-07-06,16227052642,2051277,942,51418,2016,7
20154001,레버넌트: 죽음에서 돌아온 자,2016-01-14,16107360130,2007188,967,55063,2016,1
20162941,컨저링 2,2016-06-09,15759374229,1928605,640,45816,2016,6
20150025,내부자들: 디 오리지널,2015-12-31,15742927260,1924720,838,45697,2015,12
20152963,수어사이드 스쿼드,2016-08-03,15874111188,1898220,823,29512,2016,8
20150782,인디펜던스 데이 : 리써전스,2016-06-22,12770879840,1500830,926,47432,2016,6
20142406,탐정 홍길동: 사라진 마을,2016-05-04,11516170845,1430885,764,41076,2016,5
20167839,벤허,2016-09-14,11410860395,1400301,717,38941,2016,9
20155422,굿 다이노,2016-01-07,9756167238,1328913,814,33127,2016,1
20157042,셜록: 유령신부,2016-01-02,9992425049,1278894,891,32683,2016,1
20159645,특별수사: 사형수의 편지,2016-06-16,9929947065,1241899,691,39372,2016,6
20142621,시간이탈자,2016-04-13,9731838195,1202384,733,55075,2016,4
20158482,동주,2016-02-17,8889077089,1172641,543,39958,2016,2
20158150,워크래프트: 전쟁의 서막,2016-06-09,10142271205,1163274,736,34087,2016,6
20150567,스타트렉 비욘드,2016-08-17,10190375820,1157156,716,38199,2016,8
20153741,미씽: 사라진 여자,2016-11-30,8881616256,1153109,790,40617,2016,11
20152371,"당신, 거기 있어줄래요",2016-12-14,8999085248,1124815,767,39181,2016,12
20163217,라이트 아웃,2016-08-24,8893059975,1111284,659,34444,2016,8
20158483,오빠생각,2016-01-21,8060591287,1069864,855,44801,2016,1
20162869,택시운전사,2017-08-02,95853645649,12186327,1906,184075,2017,8
20150976,신과함께-죄와 벌,2017-12-20,115706080137,14411502,3556,213262,2017,12
20151228,공조,2017-01-18,63783051326,7817618,1392,142989,2017,1
20167303,스파이더맨: 홈 커밍,2017-07-05,59125813820,7258678,1965,164448,2017,7
20172742,범죄도시,2017-10-03,56318014149,6879841,1315,149334,2017,10
20161481,군함도,2017-07-26,50510565168,6592151,2027,108775,2017,7
20162442,청년경찰,2017-08-09,44381150516,5653270,1102,118544,2017,8
20151229,더 킹,2017-01-18,43488814535,5317693,1310,107983,2017,1
20164721,미녀와 야수,2017-03-16,42133751579,5138328,1627,140561,2017,3
20175222,킹스맨: 골든 서클,2017-09-27,40987484736,4945484,1687,95922,2017,9
20175121,토르: 라그나로크,2017-10-25,39227691395,4853778,1640,137423,2017,10
20165748,꾼,2017-11-22,31312029795,4018035,1314,117398,2017,11
20170402,강철비,2017-12-14,31994897566,4014293,1426,66760,2017,12
20165450,남한산성,2017-10-03,31225083792,3849087,1229,71101,2017,10
20166488,미이라,2017-06-06,30504689978,3689325,1257,105228,2017,6
20167542,분노의 질주: 더 익스트림,2017-04-12,29981156348,3653238,1469,113241,2017,4
20161872,너의 이름은.,2017-01-04,29251793156,3637608,947,82978,2017,1
20173403,슈퍼배드 3,2017-07-26,24217091019,3324874,1057,59388,2017,7
20174142,아이 캔 스피크,2017-09-21,25526451186,3279296,1140,93012,2017,9
20170982,캐리비안의 해적: 죽은 자는 말이 없다,2017-05-24,24975495122,3049894,1357,85225,2017,5
20162181,프리즌,2017-03-23,23790276987,2931897,1047,89024,2017,3
20164621,덩케르크,2017-07-20,24550541348,2788732,1252,65906,2017,7
20163603,가디언즈 오브 갤럭시 VOL. 2,2017-05-03,23452686686,2735721,1218,63789,2017,5
20154909,살인자의 기억법,2017-09-06,21375287492,2658589,1064,88686,2017,9
20166967,트랜스포머: 최후의 기사,2017-06-21,21501959228,2614601,1739,87234,2017,6
20162722,보안관,2017-05-03,20844488409,2588628,1091,63709,2017,5
20150964,조작된 도시,2017-02-09,20143992587,2515501,1019,62241,2017,2
20174061,보스 베이비,2017-05-03,18936306704,2452245,1116,48379,2017,5
20166421,재심,2017-02-15,19266319637,2421197,935,68402,2017,2
20178982,박열,2017-06-28,18093639795,2359206,1176,78499,2017,6
20165443,모아나,2017-01-12,18056417307,2310206,953,53162,2017,1
20161827,로건,2017-03-01,18391060223,2169109,954,68709,2017,3
20168261,원더 우먼,2017-05-31,17468588886,2165401,1034,57818,2017,5
20175262,겟 아웃,2017-05-17,17431830075,2138174,945,56530,2017,5
20179901,혹성탈출: 종의 전쟁,2017-08-15,16854482778,2051315,1017,44543,2017,8
20170590,1987,2017-12-27,58169776145,7232387,2421,138226,2017,12
20161081,애나벨 : 인형의 주인,2017-08-10,15527492238,1934270,1006,35103,2017,8
20174602,노무현입니다,2017-05-25,14556517612,1855149,775,61327,2017,5
20168221,저스티스 리그,2017-11-15,14629677795,1786383,1308,73390,2017,11
20171962,킬러의 보디가드,2017-08-30,14020395800,1721757,482,42002,2017,8
20168183,콩: 스컬 아일랜드,2017-03-08,13990563383,1689717,984,56425,2017,3
20170241,23 아이덴티티,2017-02-22,13609648135,1675819,952,44104,2017,2
20161726,임금님의 사건수첩,2017-04-26,12651193723,1635003,1054,53005,2017,4
20172603,부라더,2017-11-02,11783109998,1492903,889,54975,2017,11
20173581,기억의 밤,2017-11-29,10646654660,1386611,759,52847,2017,11
20174622,해피 데스데이,2017-11-08,11004455402,1382650,714,52101,2017,11
20164174,브이아이피,2017-08-23,10956621835,1373316,996,44650,2017,8
20162871,특별시민,2017-04-26,10494768945,1362634,1154,46377,2017,4
20179382,에이리언: 커버넌트,2017-05-09,10745826264,1307226,841,41761,2017,5
20186202,신과함께-인과 연,2018-08-01,102666146909,12274996,2235,179981,2018,8
20177478,어벤져스: 인피니티 워,2018-04-25,99926399769,11212710,2553,240501,2018,4
20185485,보헤미안 랩소디,2018-10-31,80010440345,9224582,1179,204537,2018,10
20181181,미션 임파서블: 폴아웃,2018-07-25,55888375112,6584915,1957,101374,2018,7
20179086,쥬라기 월드: 폴른 킹덤,2018-06-06,49770711037,5661128,1972,144779,2018,6
20180522,앤트맨과 와스프,2018-07-04,47468053685,5448134,1775,148244,2018,7
20176122,안시성,2018-09-19,46335334026,5440186,1540,110439,2018,9
20170561,블랙 팬서,2018-02-14,45885123957,5399227,1620,119170,2018,2
20177538,완벽한 타인,2018-10-31,44350807074,5293435,1325,143055,2018,10
20179383,독전,2018-05-22,43485551113,5063684,1532,140007,2018,5
20179101,공작,2018-08-08,42788851176,4974520,1317,99001,2018,8
20177221,베놈,2018-10-03,34100211207,3888096,1308,116149,2018,10
20179189,암수살인,2018-10-03,32995138548,3789321,1177,126127,2018,10
20176848,데드풀 2,2018-05-16,34185664639,3784602,1576,113288,2018,5
20177552,국가부도의 날,2018-11-28,30845862137,3747952,1180,100804,2018,11
20179985,코코,2018-01-11,27685479440,3510017,1177,85925,2018,1
20180290,아쿠아맨,2018-12-19,44113636704,5038154,2443,105005,2018,12
20176104,그것만이 내 세상,2018-01-17,27450805382,3419339,956,95431,2018,1
20185341,마녀,2018-06-27,27242029463,3189091,1117,90843,2018,6
20178161,탐정: 리턴즈,2018-06-13,26909459678,3152872,1137,107907,2018,6
20183361,인크레더블 2,2018-07-18,24554683588,3033052,1605,70934,2018,7
20185046,서치,2018-08-29,25283364845,2949944,1097,95758,2018,8
20153446,너의 결혼식,2018-08-22,23676244369,2820969,970,98193,2018,8
20180804,곤지암,2018-03-28,21442194144,2675575,1124,88477,2018,3
20170669,지금 만나러 갑니다,2018-03-14,20800916128,2602273,1191,97482,2018,3
20170670,목격자,2018-08-15,21737061097,2524720,1021,71403,2018,8
20179205,조선명탐정: 흡혈괴마의 비밀,2018-02-08,19822789764,2444136,1249,74953,2018,2
20176814,신비한 동물들과 그린델왈드의 범죄,2018-11-14,20816583118,2414062,1601,76846,2018,11
20175054,메이즈 러너: 데스 큐어,2018-01-17,18902873104,2299732,1090,58918,2018,1
20181942,맘마미아!2,2018-08-08,19607520003,2293884,750,59060,2018,8
20171122,레디 플레이어 원,2018-03-28,19933108071,2254430,1079,77173,2018,3
20172204,명당,2018-09-19,17900775524,2087474,1117,58450,2018,9
20177308,협상,2018-09-19,17032133166,1967721,919,57926,2018,9
20168773,마약왕,2018-12-19,15784724552,1813594,1297,41658,2018,12
20171909,쥬만지: 새로운 세계,2018-01-03,13814824864,1708672,791,41806,2018,1
20174981,창궐,2018-10-25,13275772490,1599290,1351,60687,2018,10
20184481,성난황소,2018-11-22,13236490737,1593386,1010,48932,2018,11
20179230,도어락,2018-12-05,12792097886,1559616,954,53732,2018,12
20170841,리틀 포레스트,2018-02-28,11929202185,1506269,884,68414,2018,2
20168250,골든슬럼버,2018-02-14,11412768798,1387508,833,42991,2018,2
20176917,램페이지,2018-04-12,11951980109,1385511,909,55295,2018,4
20150969,궁합,2018-02-28,10478875438,1340117,966,52427,2018,2
20184903,오션스8,2018-06-13,11700157266,1335829,837,55372,2018,6
20178781,사라진 밤,2018-03-07,10697981316,1315726,925,60087,2018,3
20175547,스윙키즈,2018-12-19,10308565602,1258811,984,32237,2018,12
20153447,바람 바람 바람,2018-04-05,9784385375,1194229,985,57939,2018,4
20170658,PMC: 더 벙커,2018-12-26,9704247367,1179031,1081,26690,2018,12
20186281,범블비,2018-12-25,9756083752,1167150,1016,26260,2018,12
20182530,극한직업,2019-01-23,139651845516,16265618,2003,292584,2019,1
20184889,어벤져스: 엔드게임,2019-04-24,122419471840,13967427,3352,245315,2019,4
20197803,겨울왕국 2,2019-11-21,114810421450,13747792,3313,299334,2019,11
20183867,알라딘,2019-05-23,106955138359,12552283,1409,266469,2019,5
20183782,기생충,2019-05-30,87409849835,10307053,2404,204280,2019,5
20184621,엑시트,2019-07-31,79232012162,9426011,1660,202223,2019,7
20196309,스파이더맨: 파 프롬 홈,2019-07-02,69010000100,8021145,2142,180474,2019,7
20192206,백두산,2019-12-19,69825366300,8252669,3212,174320,2019,12
20181877,캡틴 마블,2019-03-06,51507488723,5802810,2100,186382,2019,3
20199950,조커,2019-10-02,45381075450,5247874,1418,147380,2019,10
20184462,봉오동 전투,2019-08-07,40588648538,4787538,1476,107030,2019,8
20175771,라이온 킹,2019-07-17,41519457430,4743264,1936,126496,2019,7
20188750,나쁜 녀석들: 더 무비,2019-09-11,39560195124,4573902,1511,113938,2019,9
20191029,82년생 김지영,2019-10-23,30298542310,3678156,1486,145441,2019,10
20196850,분노의 질주: 홉스&쇼,2019-08-14,32241767793,3657536,1311,94896,2019,8
20184047,토이 스토리 4,2019-06-20,28758452040,3400034,1336,85875,2019,6
20176103,돈,2019-03-20,28870244062,3389125,1431,120809,2019,3
20188941,악인전,2019-05-15,29133760150,3364712,1307,97351,2019,5
20195920,가장 보통의 연애,2019-10-02,24885803430,2924563,1073,111527,2019,10
20184105,말모이,2019-01-09,23685091520,2812877,1203,87591,2019,1
20185881,증인,2019-02-13,20482789331,2534748,1047,89564,2019,2
20198414,시동,2019-12-18,28112844360,3318429,2340,93437,2019,12
20195002,블랙머니,2019-11-13,20863134010,2478964,1141,77469,2019,11
20192083,터미네이터: 다크 페이트,2019-10-30,20153895830,2409062,1315,81336,2019,10
20177539,사바하,2019-02-20,20007508194,2398519,1174,78096,2019,2
20184572,타짜: 원 아이드 잭,2019-09-11,19687029214,2229239,1429,66479,2019,9
20181434,신의 한 수: 귀수편,2019-11-07,18463776050,2157437,1246,82178,2019,11
20188282,알리타: 배틀 엔젤,2019-02-05,18571455667,1952063,1043,52666,2019,2
20176251,내안의 그놈,2019-01-09,16302228567,1902828,1041,61683,2019,1
20180868,뺑반,2019-01-30,15224305848,1826912,1285,47215,2019,1
20184543,변신,2019-08-21,15417922925,1804112,975,63211,2019,8
20189463,주먹왕 랄프 2: 인터넷 속으로,2019-01-03,13877029723,1754375,1453,56412,2019,1
20184082,걸캅스,2019-05-09,13812802134,1629528,973,63163,2019,5
20180442,사자,2019-07-31,12931566145,1611163,1405,47683,2019,7
20186261,드래곤 길들이기 3,2019-01-30,12346432876,1507922,971,42407,2019,1
20185784,나의 특별한 형제,2019-05-01,12081618074,1478156,936,49927,2019,5
20185352,어스,2019-03-27,12586771104,1475087,1132,58522,2019,3
20191589,말레피센트 2,2019-10-17,12191395690,1444952,1108,63768,2019,10
20181416,유열의 음악앨범,2019-08-28,10233455040,1245532,1078,59626,2019,8
20184483,퍼펙트맨,2019-10-02,10311352770,1240022,894,50055,2019,10
20192401,포드 V 페라리,2019-12-04,12037577640,1367779,1190,46934,2019,12
20183096,생일,2019-04-03,9885147340,1197565,878,71797,2019,4
20187322,"힘을 내요, 미스터 리",2019-09-11,9930518906,1181960,990,41831,2019,9
20196601,항거:유관순 이야기,2019-02-27,9291455101,1157949,1094,46159,2019,2
20193601,장사리 : 잊혀진 영웅들,2019-09-25,8997921050,1140876,1090,47821,2019,9
20183844,마이펫의 이중생활 2,2019-07-31,8512902825,1114949,933,30858,2019,7
20198453,롱 리브 더 킹: 목포 영웅,2019-06-19,9228798910,1094404,965,38839,2019,6
20198681,쥬만지: 넥스트 레벨,2019-12-11,8774663410,1054963,1195,42083,2019,12
20196655,존 윅 3: 파라벨룸,2019-06-26,8205015858,1004365,849,29819,2019,6
20180939,남산의 부장들,2020-01-22,41223596650,4750104,1659,140048,2020,1
20192101,히트맨,2020-01-22,20614278000,2406232,1122,87779,2020,1
20199581,닥터 두리틀,2020-01-08,13449206760,1607082,1290,68634,2020,1
20193321,정직한 후보,2020-02-12,12834858530,1535630,1187,89152,2020,2
20182447,클로젯,2020-02-05,10966522280,1270291,1197,71450,2020,2
20183002,해치지않아,2020-01-15,10154099090,1209689,1216,53441,2020,1
20184571,천문: 하늘에 묻는다,2019-12-26,8694300070,1034866,929,43242,2019,12
20192240,작은 아씨들,2020-02-12,7259355190,861291,1105,59271,2020,2
20192399,1917,2020-02-19,7596540800,839436,932,86647,2020,2
20196272,미드웨이,2019-12-31,7131474010,822521,842,32878,2019,12
20180962,지푸라기라도 잡고 싶은 짐승들,2020-02-19,5422221750,624908,996,65280,2020,2
20188421,미스터 주: 사라진 VIP,2020-01-22,5067028660,602667,692,28184,2020,1
20199842,인비저블맨,2020-02-26,5012145560,574464,776,62952,2020,2
20196670,나쁜 녀석들: 포에버,2020-01-15,4880576760,547775,896,29888,2020,1
20195462,스타워즈: 라이즈 오브 스카이워커,2020-01-08,4704790210,507265,957,28695,2020,1
20192300,스파이 지니어스,2020-01-22,3699691180,450932,712,22244,2020,1
20198431,버즈 오브 프레이(할리 퀸의 황홀한 해방),2020-02-05,3558359190,402035,963,38319,2020,2
20198374,신비아파트 극장판 하늘도깨비 대 요르문간드,2019-12-19,1757416340,222234,539,8629,2019,12
20198430,나이브스 아웃,2019-12-04,1224745880,147334,163,6803,2019,12
20198676,타오르는 여인의 초상,2020-01-16,1235459908,146639,156,7379,2020,1
20204791,다크 워터스,2020-03-11,1101840740,127888,575,21734,2020,3
20184891,수퍼 소닉,2020-02-12,932457150,118725,609,11143,2020,2
20197390,조조 래빗,2020-02-05,955227040,111075,277,9124,2020,2
20191408,21 브릿지: 테러 셧다운,2020-01-01,774683700,100092,228,6512,2020,1
20204107,주디,2020-03-25,755189080,91740,479,17129,2020,3
20193526,젠틀맨,2020-02-26,665284710,81417,586,14733,2020,2
20192984,극장판 미니특공대: 공룡왕 디노,2020-02-06,620738720,79755,485,6330,2020,2
20205262,엽문4: 더 파이널,2020-04-01,626621800,72413,206,10283,2020,4
20198818,프린스 코기,2019-12-24,496234680,70817,242,2166,2019,12
20199981,눈의 여왕4,2019-12-24,444649620,67159,271,2239,2019,12
20040598,해리포터와 아즈카반의 죄수,2004-07-16,529704500,58349,47,3414,2004,7
20205402,트롤: 월드 투어,2020-04-29,435292000,57115,311,3808,2020,4
20205708,스케어리 스토리:어둠의 속삭임,2020-03-25,372130420,44291,212,6531,2020,3
20196412,파바로티,2020-01-01,348527658,43486,85,2006,2020,1
20197397,나의 청춘은 너의 것,2020-04-29,351313540,42257,533,4428,2020,4
20124722,피아니스트의 전설,2020-01-01,340627562,41680,69,2189,2020,1
20207722,저 산 너머,2020-04-30,289334640,40459,468,3267,2020,4
20181685,호텔 레이크,2020-04-29,309521240,37053,461,3893,2020,4
20180523,스타 이즈 본,2018-10-09,177845960,35065,246,4804,2018,10
20206190,서치 아웃,2020-04-15,295887200,33968,355,7675,2020,4
20190280,날씨의 아이,2019-10-30,259148060,33307,79,2557,2019,10
