20090834,1,아바타,2009-12-17,"81,455,728,000",7.0%,"8,151,952",714,"111,860"
20100214,2,아저씨,2010-08-04,"47,101,332,000",4.1%,"6,178,248",501,"109,853"
20100312,3,인셉션,2010-07-21,"43,394,990,000",3.7%,"5,827,444",531,"81,891"
20090904,4,의형제,2010-02-04,"40,153,729,000",3.5%,"5,416,812",569,"118,243"
20090933,5,아이언맨 2,2010-04-29,"32,635,195,500",2.8%,"4,425,003",921,"87,665"
20090077,6,전우치,2009-12-23,"26,345,113,000",2.3%,"3,611,472",556,"73,175"
20100209,7,이끼,2010-07-14,"25,437,300,500",2.2%,"3,350,303",740,"58,198"
20100296,8,포화속으로,2010-06-16,"23,831,958,600",2.1%,"3,330,324",742,"80,091"
20090914,9,하모니,2010-01-28,"21,641,750,000",1.9%,"3,018,131",384,"77,723"
20090927,10,방자전,2010-06-02,"22,490,024,000",1.9%,"2,985,483",495,"67,562"
20100370,11,솔트,2010-07-29,"21,360,288,000",1.8%,"2,869,938",556,"53,679"
20100213,12,부당거래,2010-10-28,"20,996,302,500",1.8%,"2,722,996",502,"69,703"
20100834,13,시라노; 연애조작단,2010-09-16,"19,838,369,000",1.7%,"2,684,783",415,"77,736"
20100018,14,타이탄,2010-04-01,"21,796,996,500",1.9%,"2,642,483",694,"87,911"
20100190,15,드래곤 길들이기,2010-05-20,"27,040,606,000",2.3%,"2,562,412",563,"57,264"
20101224,16,해리 포터와 죽음의 성물1,2010-12-15,"16,974,636,000",1.5%,"2,396,988",717,"40,463"
20100188,17,하녀,2010-05-13,"17,038,639,000",1.5%,"2,267,556",555,"59,621"
20100310,18,나잇&데이,2010-06-24,"16,777,869,600",1.4%,"2,243,484",494,"54,797"
20100333,19,슈렉 포에버,2010-07-01,"22,809,145,100",2.0%,"2,223,851",561,"51,317"
20090930,20,이상한 나라의 앨리스,2010-03-04,"20,334,399,500",1.8%,"2,147,012",397,"58,393"
20101010,21,초능력자,2010-11-10,"15,374,489,000",1.3%,"2,130,606",612,"58,000"
20100361,22,이클립스,2010-07-07,"14,945,720,000",1.3%,"2,069,246",535,"46,355"
20101221,23,쩨쩨한 로맨스,2010-12-01,"15,338,827,000",1.3%,"2,009,586",450,"46,199"
20100193,24,페르시아의 왕자: 시간의 모래,2010-05-27,"14,483,501,000",1.3%,"1,970,823",567,"51,307"
20090923,25,퍼시 잭슨과 번개 도둑,2010-02-11,"13,158,158,500",1.1%,"1,846,180",334,"43,667"
20100305,26,해결사,2010-09-09,"13,844,624,000",1.2%,"1,843,404",525,"59,325"
20100301,27,악마를 보았다,2010-08-12,"13,919,416,500",1.2%,"1,817,063",490,"42,721"
20090951,28,로빈 후드,2010-05-13,"11,560,588,500",1.0%,"1,570,681",544,"41,953"
20100833,29,무적자,2010-09-16,"11,629,780,500",1.0%,"1,546,132",412,"46,186"
20101222,30,황해,2010-12-22,"11,524,115,000",1.0%,"1,497,242",618,"23,295"
20100377,31,토이 스토리 3,2010-08-05,"14,319,338,600",1.2%,"1,458,865",393,"28,615"
20090931,32,구르믈 버서난 달처럼,2010-04-28,"10,241,716,500",0.9%,"1,383,867",506,"48,314"
20100767,33,라스트 에어벤더,2010-08-19,"13,854,892,500",1.2%,"1,371,164",399,"32,416"
20101223,34,헬로우 고스트,2010-12-22,"9,796,273,500",0.8%,"1,356,230",472,"22,865"
20090939,35,육혈포 강도단,2010-03-18,"8,651,186,000",0.7%,"1,214,237",319,"51,941"
20100302,36,심야의 F.M.,2010-10-14,"9,179,170,500",0.8%,"1,208,306",423,"50,423"
20100811,37,레지던트 이블 4: 끝나지 않은 전쟁 3D,2010-09-16,"14,533,948,000",1.3%,"1,190,008",337,"37,849"
20101213,38,나니아 연대기: 새벽 출정호의 항해,2010-12-08,"10,889,884,000",0.9%,"1,140,201",493,"32,481"
20090888,39,용서는 없다,2010-01-07,"8,544,828,000",0.7%,"1,118,277",323,"33,614"
20100131,40,베스트셀러,2010-04-15,"7,983,184,500",0.7%,"1,081,752",308,"41,064"
20101200,41,김종욱 찾기,2010-12-08,"7,894,328,000",0.7%,"1,081,748",427,"31,167"
20100810,42,마루 밑 아리에티,2010-09-09,"7,649,985,500",0.7%,"1,065,967",337,"29,804"
20090856,43,셜록 홈즈,2009-12-23,"7,787,961,500",0.7%,"1,052,059",359,"25,768"
20100814,44,슈퍼  배드,2010-09-16,"9,717,463,000",0.8%,"1,027,050",338,"24,577"
20100353,45,파괴된 사나이,2010-07-01,"7,692,092,100",0.7%,"1,012,310",363,"31,985"
20100103,46,셔터 아일랜드,2010-03-18,"7,407,854,500",0.6%,"990,223",272,"29,043"
20100835,47,방가? 방가!,2010-09-30,"7,013,842,000",0.6%,"972,431",312,"41,556"
20090160,48,평행이론,2010-02-18,"6,793,066,000",0.6%,"921,111",265,"32,341"
20101212,49,투어리스트,2010-12-09,"6,728,872,000",0.6%,"901,843",418,"26,842"
20101133,50,스카이 라인,2010-11-24,"6,320,601,500",0.5%,"860,340",427,"31,690"
20110659,1,트랜스포머 3,2011-06-29,"74,840,681,500",6.1%,"7,784,743","1,409","124,450"
20110302,2,최종병기 활,2011-08-10,"55,827,861,500",4.5%,"7,470,633",615,"130,054"
20110193,3,써니,2011-05-04,"54,035,565,100",4.4%,"7,362,657",546,"149,135"
20112695,4,완득이,2011-10-20,"38,526,161,500",3.1%,"5,309,928",629,"117,763"
20110511,5,쿵푸팬더 2,2011-05-26,"44,298,708,500",3.6%,"5,062,720",948,"101,338"
20112207,6,미션임파서블:고스트프로토콜,2011-12-15,"37,765,048,000",3.1%,"4,975,161","1,024","61,251"
20102414,7,조선명탐정 : 각시투구꽃의 비밀,2011-01-27,"35,841,769,500",2.9%,"4,786,259",634,"84,189"
20112534,8,도가니,2011-09-22,"35,566,854,800",2.9%,"4,662,822",756,"88,337"
20111009,9,해리포터와 죽음의 성물2,2011-07-13,"34,507,600,000",2.8%,"4,400,270",757,"70,380"
20112173,10,리얼 스틸,2011-10-12,"26,566,677,000",2.1%,"3,579,666",603,"87,650"
20110294,11,캐리비안의 해적: 낯선 조류,2011-05-19,"27,279,967,500",2.2%,"3,130,046",960,"67,036"
20110290,12,퀵,2011-07-20,"22,960,890,000",1.9%,"3,125,069",514,"60,714"
20119515,13,고지전,2011-07-20,"21,968,557,600",1.8%,"2,945,137",585,"53,738"
20113381,14,오싹한 연애,2011-12-01,"20,289,813,500",1.6%,"2,777,998",544,"54,630"
20110896,15,혹성탈출: 진화의 시작,2011-08-17,"20,629,757,000",1.7%,"2,773,794",514,"61,229"
20119618,16,위험한 상견례,2011-03-31,"19,174,920,500",1.6%,"2,595,625",524,"75,068"
20110561,17,엑스맨: 퍼스트 클래스,2011-06-02,"19,075,363,000",1.5%,"2,533,852",587,"56,827"
20110613,18,의뢰인,2011-09-29,"17,797,042,500",1.4%,"2,393,086",522,"58,414"
20112272,19,가문의 영광4 - 가문의 수난,2011-09-07,"17,792,219,500",1.4%,"2,368,267",537,"48,432"
20110297,20,블라인드,2011-08-10,"18,390,012,500",1.5%,"2,367,942",404,"49,358"
20119513,21,7광구,2011-08-04,"19,391,653,500",1.6%,"2,242,510",812,"47,346"
20110279,22,마당을 나온 암탉,2011-07-28,"14,668,226,000",1.2%,"2,201,273",363,"39,224"
20101209,23,라스트 갓파더,2010-12-29,"14,558,299,500",1.2%,"1,998,059",547,"38,175"
20102416,24,글러브,2011-01-20,"13,756,104,000",1.1%,"1,887,731",605,"44,725"
20119341,25,아이들...,2011-02-17,"13,579,712,500",1.1%,"1,867,849",504,"41,515"
20102417,26,걸리버 여행기,2011-01-27,"16,441,365,500",1.3%,"1,762,071",527,"41,181"
20102415,27,평양성,2011-01-27,"12,684,530,500",1.0%,"1,717,566",483,"41,860"
20110211,28,토르: 천둥의 신,2011-04-28,"15,985,737,000",1.3%,"1,694,562",496,"45,188"
20101223,29,헬로우 고스트,2010-12-22,"12,260,693,000",1.0%,"1,663,550",418,"34,713"
20119337,30,그대를 사랑합니다,2011-02-17,"12,041,827,000",1.0%,"1,645,505",292,"57,869"
20119577,31,블랙 스완,2011-02-24,"12,484,661,500",1.0%,"1,623,310",344,"46,840"
20110185,32,분노의 질주: 언리미티드,2011-04-20,"12,292,868,000",1.0%,"1,621,973",457,"43,329"
20110295,33,마이 웨이,2011-12-21,"11,813,839,000",1.0%,"1,586,042",645,"29,481"
20110905,34,브레이킹 던 part1,2011-11-30,"10,692,564,000",0.9%,"1,459,449",636,"43,060"
20111987,35,신들의 전쟁,2011-11-10,"11,726,682,000",0.9%,"1,338,411",525,"46,169"
20119707,36,월드 인베이젼,2011-03-10,"9,799,358,000",0.8%,"1,307,873",441,"44,241"
20112621,37,셜록홈즈 : 그림자 게임,2011-12-21,"9,502,305,000",0.8%,"1,289,857",370,"20,512"
20110221,38,소스 코드,2011-05-04,"9,640,238,500",0.8%,"1,277,690",403,"38,744"
20110906,39,특수본,2011-11-24,"8,096,052,500",0.7%,"1,118,258",471,"40,881"
20119974,40,수상한 고객들,2011-04-14,"7,953,428,000",0.6%,"1,059,350",411,"33,930"
20112589,41,오직 그대만,2011-10-20,"7,591,008,500",0.6%,"1,027,622",435,"35,365"
20111540,42,개구쟁이 스머프,2011-08-11,"7,722,519,000",0.6%,"1,027,436",399,"18,225"
20101395,43,라푼젤,2011-02-10,"10,161,464,800",0.8%,"1,011,163",328,"22,107"
20101399,44,심장이 뛴다,2011-01-05,"7,538,083,500",0.6%,"1,006,947",445,"26,778"
20111571,45,파퍼씨네 펭귄들,2011-09-07,"7,049,177,000",0.6%,"980,387",333,"26,307"
20102421,46,메가마인드,2011-01-13,"8,688,842,000",0.7%,"875,631",414,"22,905"
20119619,47,체포왕,2011-05-04,"6,413,325,500",0.5%,"870,887",407,"32,545"
19820019,48,만추,2011-02-17,"6,313,817,000",0.5%,"845,845",444,"25,590"
20113260,49,퍼펙트 게임,2011-12-21,"5,996,408,000",0.5%,"811,772",413,"19,726"
20119637,50,킹스 스피치,2011-03-17,"5,963,126,500",0.5%,"806,248",327,"33,979"
20124034,1,도둑들,2012-07-25,"93,664,808,500",6.4%,"12,983,178","1,091","155,392"
20124079,2,"광해, 왕이 된 남자",2012-09-13,"88,899,448,769",6.1%,"12,319,390","1,001","203,400"
20124721,3,어벤져스,2012-04-26,"59,557,853,478",4.1%,"7,074,867",967,"109,697"
20124054,4,늑대소년,2012-10-31,"46,590,107,000",3.2%,"6,654,390",854,"109,069"
20112703,5,다크 나이트 라이즈,2012-07-19,"47,644,838,000",3.3%,"6,396,528","1,210","81,254"
20124067,6,바람과 함께 사라지다,2012-08-08,"34,614,661,161",2.4%,"4,909,937",694,"78,591"
20126077,7,어메이징 스파이더맨,2012-06-28,"41,163,951,235",2.8%,"4,853,123","1,118","92,755"
20113557,8,범죄와의 전쟁: 나쁜놈들 전성시대,2012-02-02,"36,538,823,500",2.5%,"4,719,872",713,"91,889"
20113554,9,내 아내의 모든 것,2012-05-17,"34,223,620,500",2.4%,"4,598,821",563,"91,773"
20124062,10,연가시,2012-07-05,"32,175,400,664",2.2%,"4,515,833",759,"71,928"
20124074,11,건축학개론,2012-03-22,"30,222,696,000",2.1%,"4,111,068",593,"106,067"
20113743,12,댄싱퀸,2012-01-18,"30,130,775,500",2.1%,"4,058,225",544,"80,987"
20113535,13,부러진 화살,2012-01-18,"25,878,629,500",1.8%,"3,451,025",530,"71,560"
20113885,14,맨 인 블랙 3,2012-05-24,"27,301,520,070",1.9%,"3,379,762",770,"69,538"
20128274,15,레미제라블,2012-12-19,"23,428,605,500",1.6%,"3,210,107",696,"33,153"
20088506,16,26년,2012-11-29,"21,111,878,145",1.5%,"2,940,475",611,"50,044"
20124075,17,내가 살인범이다,2012-11-08,"20,392,266,000",1.4%,"2,729,798",547,"58,409"
20126469,18,브레이킹 던 part2,2012-11-15,"18,909,583,065",1.3%,"2,654,817",665,"56,995"
20113533,19,후궁 : 제왕의 첩,2012-06-06,"19,330,302,500",1.3%,"2,636,320",624,"69,104"
20125048,20,호빗: 뜻밖의 여정,2012-12-13,"21,724,069,066",1.5%,"2,605,124","1,028","44,977"
20112207,21,미션임파서블:고스트프로토콜,2011-12-15,"19,536,876,000",1.3%,"2,533,735",697,"53,514"
20124050,22,화차,2012-03-08,"18,459,428,000",1.3%,"2,436,438",548,"62,643"
20125920,23,이웃사람,2012-08-22,"18,088,462,369",1.2%,"2,434,269",600,"56,752"
20113461,24,007 스카이폴,2012-10-26,"17,487,213,000",1.2%,"2,376,145",748,"51,357"
20128447,25,테이큰 2,2012-09-27,"17,581,098,553",1.2%,"2,308,596",682,"51,344"
20112134,26,배틀쉽,2012-04-11,"16,545,921,500",1.1%,"2,241,687",736,"53,109"
20113862,27,장화신은 고양이,2012-01-12,"17,602,643,500",1.2%,"2,080,445",593,"45,451"
20124039,28,타워,2012-12-25,"14,658,256,500",1.0%,"2,014,589",617,"22,278"
20124045,29,코리아,2012-05-03,"13,448,848,500",0.9%,"1,872,681",537,"49,679"
20124936,30,나의 PS 파트너,2012-12-06,"13,548,606,616",0.9%,"1,786,831",552,"37,625"
20124399,31,반창꼬,2012-12-19,"12,459,852,719",0.9%,"1,730,535",466,"26,039"
20113916,32,러브픽션,2012-02-29,"13,200,412,500",0.9%,"1,726,202",617,"44,130"
20124142,33,언터처블: 1%의 우정,2012-03-22,"12,735,040,000",0.9%,"1,720,472",454,"48,976"
20126667,34,아이스 에이지 4: 대륙 이동설,2012-07-25,"12,291,969,704",0.8%,"1,648,110",501,"26,899"
20124063,35,공모자들,2012-08-29,"12,240,964,500",0.8%,"1,646,142",496,"44,959"
20124136,36,마다가스카3 : 이번엔 서커스다!,2012-06-06,"12,521,043,500",0.9%,"1,629,799",564,"34,150"
20110249,37,하울링,2012-02-16,"11,765,293,500",0.8%,"1,612,554",550,"44,753"
20124057,38,용의자X,2012-10-18,"11,241,013,000",0.8%,"1,552,055",553,"42,989"
20126406,39,새미의 어드벤쳐 2,2012-08-01,"10,856,204,000",0.7%,"1,457,380",486,"26,436"
20124065,40,차형사,2012-05-30,"9,752,555,296",0.7%,"1,346,754",433,"39,152"
20124066,41,은교,2012-04-25,"9,918,274,444",0.7%,"1,346,359",521,"41,683"
20124400,42,간첩,2012-09-20,"9,316,548,500",0.6%,"1,310,895",576,"41,726"
20124032,43,간기남,2012-04-11,"9,356,404,500",0.6%,"1,246,185",396,"38,155"
20127634,44,메리다와 마법의 숲,2012-09-27,"9,024,766,000",0.6%,"1,231,024",479,"22,087"
20125647,45,토탈 리콜,2012-08-15,"8,958,236,000",0.6%,"1,219,637",448,"27,089"
20124049,46,R2B: 리턴투베이스,2012-08-15,"8,602,921,371",0.6%,"1,201,944",539,"32,881"
20124064,47,돈의 맛,2012-05-17,"8,780,178,611",0.6%,"1,166,018",643,"36,922"
20113653,48,잃어버린 세계를 찾아서 2: 신비의 섬,2012-01-19,"9,784,305,000",0.7%,"1,149,628",398,"27,236"
20113886,49,회사원,2012-10-11,"8,321,175,000",0.6%,"1,110,523",549,"41,275"
20126407,50,가디언즈,2012-11-29,"8,083,010,500",0.6%,"1,056,250",470,"21,045"
20127593,1,7번방의 선물,2013-01-23,"91,431,914,670",5.9%,"12,811,206",866,"166,815"
20126674,2,설국열차,2013-08-01,"67,010,087,500",4.3%,"9,349,993","1,128","124,823"
20126091,3,관상,2013-09-11,"66,005,427,500",4.3%,"9,134,581","1,240","125,073"
20121621,4,아이언맨 3,2013-04-25,"70,806,364,000",4.6%,"9,001,331","1,389","163,584"
20124083,5,베를린,2013-01-30,"52,355,568,637",3.4%,"7,166,290",894,"111,744"
20126672,6,은밀하게 위대하게,2013-06-05,"48,700,887,413",3.1%,"6,959,083","1,341","117,461"
20134803,7,변호인,2013-12-18,"40,953,398,000",2.6%,"5,687,047",923,"55,006"
20136049,8,숨바꼭질,2013-08-14,"39,602,977,500",2.6%,"5,604,103",779,"88,062"
20136052,9,더 테러 라이브,2013-07-31,"39,869,706,381",2.6%,"5,584,139",809,"93,488"
20122783,10,감시자들,2013-07-03,"39,380,162,179",2.5%,"5,508,017",949,"100,309"
20122122,11,월드 워 Z,2013-06-20,"38,555,356,000",2.5%,"5,237,525",964,"100,823"
20124401,12,신세계,2013-02-21,"34,881,330,905",2.2%,"4,682,492",671,"90,580"
20124935,13,박수건달,2013-01-09,"28,343,986,569",1.8%,"3,893,216",603,"60,585"
20124086,14,스파이,2013-09-05,"24,509,278,305",1.6%,"3,435,802",785,"72,796"
20139221,15,그래비티,2013-10-17,"31,214,018,600",2.0%,"3,194,693",636,"80,584"
20124039,16,타워,2012-12-25,"22,996,601,500",1.5%,"3,166,425",638,"58,869"
20124937,17,감기,2013-08-14,"21,774,884,000",1.4%,"3,117,859",806,"55,046"
20138355,18,토르: 다크 월드,2013-10-30,"22,525,808,500",1.5%,"3,039,889",733,"78,095"
20136962,19,레드: 더 레전드,2013-07-18,"21,511,371,970",1.4%,"3,004,649",739,"55,733"
20137044,20,친구 2,2013-11-14,"21,795,237,513",1.4%,"2,969,900",968,"69,856"
20135428,21,어바웃 타임,2013-12-05,"20,908,973,000",1.3%,"2,856,065",568,"49,967"
20138881,22,나우 유 씨 미 : 마술사기단,2013-08-22,"19,146,691,869",1.2%,"2,718,227",691,"54,658"
20134582,23,소원,2013-10-02,"18,529,862,600",1.2%,"2,711,083",651,"72,329"
20128274,24,레미제라블,2012-12-19,"19,635,813,500",1.3%,"2,707,479",592,"49,348"
20136961,25,퍼시픽 림,2013-07-11,"20,477,374,512",1.3%,"2,539,113","1,005","55,655"
20123383,26,화이: 괴물을 삼킨 아이,2013-10-09,"17,695,412,795",1.1%,"2,394,453",817,"59,049"
20131381,27,컨저링,2013-09-17,"16,353,225,777",1.1%,"2,262,758",563,"48,616"
20137961,28,맨 오브 스틸,2013-06-13,"17,092,964,063",1.1%,"2,182,227",998,"55,514"
20124938,29,용의자,2013-12-24,"15,629,492,500",1.0%,"2,176,752",807,"26,814"
20134267,30,호빗: 스마우그의 폐허,2013-12-12,"16,564,184,549",1.1%,"2,115,878",811,"35,223"
20122784,31,몽타주,2013-05-16,"15,002,458,500",1.0%,"2,095,592",544,"53,195"
20137549,32,터보,2013-07-25,"13,116,737,000",0.8%,"1,924,414",634,"28,783"
20128690,33,연애의 온도,2013-03-21,"13,798,864,446",0.9%,"1,865,195",567,"57,847"
20113972,34,지.아이.조 2,2013-03-28,"14,457,048,500",0.9%,"1,855,917",766,"62,627"
20135221,35,분노의 질주: 더 맥시멈,2013-05-22,"13,210,338,042",0.9%,"1,790,916",657,"44,371"
20129606,36,공범,2013-10-24,"12,333,110,882",0.8%,"1,766,285",611,"51,425"
20134123,37,집으로 가는 길,2013-12-11,"12,373,339,745",0.8%,"1,763,231",740,"39,811"
20125333,38,전설의 주먹,2013-04-10,"12,777,314,500",0.8%,"1,744,585",724,"57,593"
20129368,39,파파로티,2013-03-14,"11,825,934,000",0.8%,"1,716,429",552,"53,601"
20123329,40,스타트렉 다크니스,2013-05-30,"12,964,828,000",0.8%,"1,605,271",607,"40,504"
20128386,41,라이프 오브 파이,2013-01-01,"15,812,506,500",1.0%,"1,588,373",392,"32,722"
20134181,42,오블리비언,2013-04-11,"11,165,841,500",0.7%,"1,515,356",634,"47,871"
20136219,43,위대한 개츠비,2013-05-16,"10,581,329,643",0.7%,"1,445,248",562,"36,008"
20123387,44,다이하드: 굿 데이 투 다이,2013-02-06,"10,825,703,000",0.7%,"1,438,056",459,"33,055"
20126671,45,런닝맨,2013-04-04,"10,060,239,500",0.6%,"1,422,844",567,"45,995"
20124082,46,미스터 고,2013-07-17,"9,337,976,000",0.6%,"1,328,888",840,"38,263"
20136061,47,결혼전야,2013-11-21,"8,434,175,719",0.5%,"1,212,843",524,"38,819"
20123381,48,깡철이,2013-10-02,"8,572,344,462",0.6%,"1,209,363",707,"43,102"
20137811,49,엘리시움,2013-08-29,"9,017,994,500",0.6%,"1,207,732",588,"31,515"
20129114,50,더 웹툰: 예고살인,2013-06-27,"8,537,683,070",0.6%,"1,201,457",541,"35,931"
20129370,1,명량,2014-07-30,"135,748,398,910",8.2%,"17,613,682","1,587","188,611"
20136803,2,겨울왕국,2014-01-16,"82,461,504,400",5.0%,"10,296,101","1,010","157,683"
20149120,3,인터스텔라,2014-11-06,"80,671,424,300",4.8%,"10,105,247","1,410","166,218"
20136064,4,해적: 바다로 간 산적,2014-08-06,"66,370,682,706",4.0%,"8,666,046",910,"133,350"
20131102,5,수상한 그녀,2014-01-22,"62,705,348,249",3.8%,"8,657,982","1,027","136,975"
20134803,6,변호인,2013-12-18,"41,918,383,800",2.5%,"5,687,571",925,"97,261"
20137048,7,국제시장,2014-12-17,"41,089,567,596",2.5%,"5,345,677",966,"63,603"
20122021,8,트랜스포머: 사라진 시대,2014-06-25,"44,012,752,845",2.6%,"5,295,836","1,602","107,875"
20123501,9,군도: 민란의 시대,2014-07-23,"36,988,022,499",2.2%,"4,774,931","1,394","67,237"
20148807,10,엣지 오브 투모로우,2014-06-04,"38,732,961,201",2.3%,"4,699,307",801,"94,559"
20147669,11,엑스맨: 데이즈 오브 퓨처 패스트,2014-05-22,"34,654,558,766",2.1%,"4,313,871","1,056","82,722"
20135661,12,어메이징 스파이더맨 2,2014-04-23,"34,869,101,800",2.1%,"4,168,353","1,312","91,715"
20134804,13,타짜-신의 손,2014-09-03,"32,373,120,927",1.9%,"4,015,361",890,"80,584"
20148973,14,혹성탈출: 반격의 서막,2014-07-10,"31,514,053,095",1.9%,"4,002,560",956,"72,881"
20147790,15,캡틴 아메리카: 윈터 솔져,2014-03-26,"31,711,040,385",1.9%,"3,963,251","1,106","110,109"
20139183,16,역린,2014-04-30,"29,894,266,890",1.8%,"3,849,552","1,054","83,296"
20141111,17,"님아, 그 강을 건너지 마오",2014-11-27,"29,845,829,479",1.8%,"3,846,378",806,"67,170"
20139201,18,신의 한 수,2014-07-03,"28,812,027,456",1.7%,"3,566,852",794,"77,109"
20130442,19,끝까지 간다,2014-05-29,"27,007,303,900",1.6%,"3,450,305",645,"84,875"
20149629,20,비긴 어게인,2014-08-13,"27,098,834,504",1.6%,"3,427,524",525,"82,684"
20131248,21,드래곤 길들이기 2,2014-07-23,"23,979,935,189",1.4%,"3,000,056",829,"51,924"
20139164,22,표적,2014-04-30,"22,256,769,300",1.3%,"2,841,828",716,"72,255"
20140431,23,메이즈 러너,2014-09-18,"21,489,367,677",1.3%,"2,812,427",655,"71,048"
20140226,24,호빗: 다섯 군대 전투,2014-12-17,"21,428,483,344",1.3%,"2,509,887",926,"43,833"
20147930,25,나의 사랑 나의 신부,2014-10-08,"16,636,404,305",1.0%,"2,141,155",629,"69,681"
20147299,26,논스톱,2014-02-27,"16,066,549,940",1.0%,"2,084,482",582,"58,217"
20149811,27,인투 더 스톰,2014-08-28,"16,157,166,332",1.0%,"2,078,698",585,"45,899"
20133602,28,노아,2014-03-20,"15,514,373,500",0.9%,"2,026,594",952,"56,722"
20137043,29,남자가 사랑할 때,2014-01-22,"14,510,222,300",0.9%,"1,979,311",531,"41,123"
20135656,30,루시,2014-09-03,"16,468,076,039",1.0%,"1,974,893",641,"44,585"
20124938,31,용의자,2013-12-24,"14,408,028,500",0.9%,"1,954,586",618,"42,310"
20149265,32,기술자들,2014-12-24,"13,652,480,148",0.8%,"1,778,083",641,"24,416"
20140425,33,나를 찾아줘,2014-10-23,"14,017,716,731",0.8%,"1,764,233",689,"50,846"
20134589,34,제보자,2014-10-02,"13,515,762,802",0.8%,"1,755,181",676,"58,358"
20139881,35,피끓는 청춘,2014-01-22,"11,688,382,888",0.7%,"1,676,040",679,"36,082"
20134594,36,두근두근 내 인생,2014-09-03,"12,291,081,634",0.7%,"1,624,601",629,"40,158"
20138226,37,우아한 거짓말,2014-03-13,"11,728,460,300",0.7%,"1,619,188",573,"57,492"
20147247,38,300: 제국의 부활,2014-03-06,"13,395,159,700",0.8%,"1,593,116",720,"54,902"
20140842,39,엑소더스: 신들과 왕들,2014-12-03,"12,442,681,926",0.7%,"1,511,195",865,"43,742"
20134082,40,해무(海霧),2014-08-13,"11,706,782,519",0.7%,"1,475,507",584,"33,490"
20133322,41,인간중독,2014-05-14,"11,284,912,400",0.7%,"1,441,973",682,"44,057"
20148383,42,말레피센트,2014-05-29,"10,776,965,900",0.6%,"1,397,526",554,"38,894"
20134028,43,폼페이: 최후의 날,2014-02-20,"10,303,127,700",0.6%,"1,373,873",561,"43,288"
20140694,44,퓨리,2014-11-20,"10,367,640,686",0.6%,"1,362,114",590,"37,155"
20141261,45,드라큘라: 전설의 시작,2014-10-08,"10,607,703,908",0.6%,"1,321,751",477,"46,483"
20149317,46,가디언즈 오브 갤럭시,2014-07-31,"11,098,239,184",0.7%,"1,311,190",539,"22,417"
20139401,47,찌라시: 위험한 소문,2014-02-20,"9,111,748,087",0.5%,"1,221,427",560,"37,426"
20134590,48,빅매치,2014-11-27,"8,952,096,578",0.5%,"1,177,438",627,"38,527"
20135386,49,슬로우 비디오,2014-10-02,"8,913,092,219",0.5%,"1,169,562",618,"40,665"
20129787,50,방황하는 칼날,2014-04-10,"7,828,891,800",0.5%,"989,906",594,"38,850"
20148048,1,베테랑,2015-08-05,"105,168,155,250",6.1%,"13,414,009","1,115","199,231"
20148851,2,암살,2015-07-22,"98,463,132,781",5.7%,"12,705,700","1,519","175,185"
20148493,3,어벤져스: 에이지 오브 울트론,2015-04-23,"88,582,586,366",5.2%,"10,494,499","1,843","191,778"
20137048,4,국제시장,2014-12-17,"69,841,376,134",4.1%,"8,915,904","1,044","149,061"
20149314,5,내부자들,2015-11-19,"56,465,665,657",3.3%,"7,055,332","1,129","152,265"
20148846,6,사도,2015-09-16,"48,842,902,501",2.8%,"6,246,849","1,210","124,246"
20140110,7,킹스맨 : 시크릿 에이전트,2015-02-11,"50,369,009,795",2.9%,"6,129,681",728,"139,988"
20157881,8,미션 임파서블: 로그네이션,2015-07-30,"48,547,353,607",2.8%,"6,126,488","1,202","89,682"
20134798,9,연평해전,2015-06-24,"45,563,228,330",2.7%,"6,043,784","1,013","114,450"
20098169,10,쥬라기 월드,2015-06-11,"47,800,698,826",2.8%,"5,546,792","1,290","118,959"
20145503,11,검은 사제들,2015-11-05,"42,405,282,092",2.5%,"5,442,128","1,109","131,155"
20136068,12,히말라야,2015-12-16,"39,469,775,448",2.3%,"5,129,409","1,095","81,042"
20151225,13,인사이드 아웃,2015-07-09,"38,024,694,936",2.2%,"4,969,735",931,"84,000"
20151383,14,마션,2015-10-08,"39,663,145,295",2.3%,"4,880,800","1,132","114,183"
20149570,15,조선명탐정 : 사라진 놉의 딸,2015-02-11,"30,456,879,428",1.8%,"3,872,015",825,"80,499"
20144741,16,매드 맥스: 분노의 도로,2015-05-14,"32,912,842,162",1.9%,"3,843,343",799,"98,824"
20152022,17,인턴,2015-09-24,"28,517,727,148",1.7%,"3,610,564",659,"81,552"
20143580,18,분노의 질주: 더 세븐,2015-04-01,"26,454,098,694",1.5%,"3,247,955",983,"93,612"
20141384,19,터미네이터 제니시스,2015-07-02,"26,556,715,129",1.5%,"3,240,370","1,113","77,590"
20148845,20,스물,2015-03-25,"23,563,421,686",1.4%,"3,044,811",926,"100,161"
20148855,21,극비수사,2015-06-18,"22,389,535,897",1.3%,"2,860,786",894,"66,211"
20155702,22,앤트맨,2015-09-03,"23,529,209,937",1.4%,"2,841,795",949,"74,649"
20154141,23,스타워즈: 깨어난 포스,2015-12-17,"24,149,478,540",1.4%,"2,803,234",940,"56,425"
20149951,24,빅 히어로,2015-01-21,"21,993,119,765",1.3%,"2,801,949",825,"62,229"
20150622,25,메이즈 러너: 스코치 트라이얼,2015-09-16,"21,596,946,349",1.3%,"2,744,413",804,"58,725"
20156557,26,탐정 : 더 비기닝,2015-09-24,"20,463,956,973",1.2%,"2,625,686",764,"54,995"
20145361,27,미니언즈,2015-07-29,"18,998,046,278",1.1%,"2,625,599",792,"41,946"
20158621,28,스파이,2015-05-21,"18,417,637,358",1.1%,"2,318,748",665,"62,960"
20149569,29,악의 연대기,2015-05-14,"17,361,815,332",1.0%,"2,192,525",776,"64,351"
20136888,30,강남 1970,2015-01-21,"17,718,699,499",1.0%,"2,192,276",841,"53,304"
20143572,31,뷰티 인사이드,2015-08-20,"16,148,479,531",0.9%,"2,053,435",648,"52,618"
20142407,32,오늘의 연애,2015-01-14,"14,924,654,487",0.9%,"1,891,993",709,"47,237"
20143642,33,테이큰 3,2015-01-01,"15,088,105,000",0.9%,"1,860,934",616,"38,060"
20157432,34,007 스펙터,2015-11-11,"14,301,476,030",0.8%,"1,820,760","1,105","51,940"
20141962,35,이미테이션 게임,2015-02-17,"13,655,929,120",0.8%,"1,743,963",541,"44,782"
20144682,36,샌 안드레아스,2015-06-03,"14,435,844,152",0.8%,"1,716,455",847,"62,016"
20148188,37,쎄시봉,2015-02-05,"13,571,515,911",0.8%,"1,715,370",829,"51,744"
20157464,38,더 폰,2015-10-22,"12,309,164,568",0.7%,"1,593,694",794,"53,599"
20145141,39,위플래쉬,2015-03-12,"12,656,619,045",0.7%,"1,589,032",574,"56,028"
20145171,40,대호,2015-12-16,"12,104,808,332",0.7%,"1,584,168",892,"39,599"
20149859,41,마다가스카의 펭귄,2014-12-31,"11,450,482,159",0.7%,"1,512,340",615,"27,171"
20149266,42,차이나타운,2015-04-29,"11,990,370,378",0.7%,"1,472,106",551,"45,137"
20140703,43,장수상회,2015-04-09,"8,737,364,643",0.5%,"1,165,780",688,"52,928"
20142855,44,성난 변호사,2015-10-08,"8,723,650,039",0.5%,"1,128,288",607,"36,990"
20142402,45,간신,2015-05-21,"8,946,842,910",0.5%,"1,110,246",697,"40,580"
20143541,46,박물관이 살아있다 : 비밀의 무덤,2015-01-14,"8,170,784,606",0.5%,"1,101,678",500,"30,146"
20157465,47,그놈이다,2015-10-28,"8,096,427,152",0.5%,"1,046,015",681,"38,678"
20143513,48,미쓰 와이프,2015-08-13,"7,387,086,869",0.4%,"988,451",437,"28,864"
20154242,49,몬스터 호텔 2,2015-12-24,"7,029,012,585",0.4%,"962,770",686,"12,388"
20131262,50,허삼관,2015-01-14,"7,408,943,569",0.4%,"955,679",621,"27,645"
20156564,1,부산행,2016-07-20,"93,178,283,048",5.3%,"11,565,479","1,788","151,315"
20145507,2,검사외전,2016-02-03,"77,320,403,264",4.4%,"9,707,581","1,812","153,532"
20159364,3,캡틴 아메리카: 시빌 워,2016-04-27,"72,672,111,827",4.2%,"8,677,249","1,991","161,696"
20159646,4,밀정,2016-09-07,"61,269,783,831",3.5%,"7,500,420","1,444","138,161"
20154910,5,터널,2016-08-10,"57,529,484,417",3.3%,"7,120,508","1,105","113,201"
20156250,6,인천상륙작전,2016-07-27,"55,101,410,303",3.2%,"7,049,643","1,049","97,019"
20153444,7,럭키,2016-10-13,"56,444,461,256",3.2%,"6,975,290","1,234","155,977"
20140194,8,곡성,2016-05-12,"55,863,520,382",3.2%,"6,879,908","1,485","130,322"
20150979,9,덕혜옹주,2016-08-03,"44,393,828,109",2.5%,"5,599,229",964,"97,312"
20163181,10,닥터 스트레인지,2016-10-26,"47,481,830,396",2.7%,"5,446,239","1,503","162,856"
20161725,11,마스터,2016-12-21,"39,784,641,065",2.3%,"4,935,320","1,501","70,786"
20155501,12,주토피아,2016-02-17,"37,096,057,742",2.1%,"4,706,158",735,"131,005"
20162365,13,신비한 동물사전,2016-11-16,"39,300,515,858",2.3%,"4,662,534","1,431","115,676"
20144641,14,판도라,2016-12-07,"33,955,398,164",1.9%,"4,313,864","1,184","90,758"
20144444,15,아가씨,2016-06-01,"35,211,229,991",2.0%,"4,287,839","1,171","90,365"
20151803,16,쿵푸팬더3,2016-01-28,"31,340,798,156",1.8%,"3,984,812","1,365","97,404"
20161364,17,귀향,2016-02-24,"27,249,738,990",1.6%,"3,587,173",876,"90,286"
20153781,18,데드풀,2016-02-17,"27,595,618,651",1.6%,"3,317,196","1,036","82,521"
20150203,19,나우 유 씨 미 2,2016-07-13,"25,116,690,113",1.4%,"3,100,113","1,200","56,981"
20154661,20,형,2016-11-23,"23,113,768,293",1.3%,"2,979,659",993,"83,518"
20150523,21,엑스맨: 아포칼립스,2016-05-25,"24,467,887,950",1.4%,"2,938,818","1,262","66,471"
20164501,22,미스 페레그린과 이상한 아이들의 집,2016-09-28,"21,841,214,586",1.3%,"2,718,158",904,"70,451"
20136068,23,히말라야,2015-12-16,"20,705,587,567",1.2%,"2,630,352",955,"61,673"
20161907,24,제이슨 본,2016-07-27,"21,253,434,663",1.2%,"2,611,966",827,"39,806"
20159058,25,도리를 찾아서,2016-07-06,"20,703,899,933",1.2%,"2,601,734","1,091","55,110"
20153443,26,아수라,2016-09-28,"20,576,226,662",1.2%,"2,594,028","1,278","68,040"
20162967,27,정글북,2016-06-09,"21,517,647,134",1.2%,"2,537,438",924,"59,041"
20156082,28,마이펫의 이중생활,2016-08-03,"19,406,436,655",1.1%,"2,520,670",726,"39,653"
20167904,29,라라랜드,2016-12-07,"19,996,139,232",1.1%,"2,385,108",727,"56,408"
20152781,30,배트맨 대 슈퍼맨: 저스티스의 시작,2016-03-24,"18,906,246,428",1.1%,"2,256,913","1,709","95,669"
20150972,31,굿바이 싱글,2016-06-29,"16,912,706,195",1.0%,"2,108,273",841,"56,380"
20159644,32,봉이 김선달,2016-07-06,"16,227,052,642",0.9%,"2,051,277",942,"51,418"
20154001,33,레버넌트: 죽음에서 돌아온 자,2016-01-14,"16,107,360,130",0.9%,"2,007,188",967,"55,063"
20162941,34,컨저링 2,2016-06-09,"15,759,374,229",0.9%,"1,928,605",640,"45,816"
20150025,35,내부자들: 디 오리지널,2015-12-31,"15,742,927,260",0.9%,"1,924,720",838,"45,697"
20152963,36,수어사이드 스쿼드,2016-08-03,"15,874,111,188",0.9%,"1,898,220",823,"29,512"
20150782,37,인디펜던스 데이 : 리써전스,2016-06-22,"12,770,879,840",0.7%,"1,500,830",926,"47,432"
20142406,38,탐정 홍길동: 사라진 마을,2016-05-04,"11,516,170,845",0.7%,"1,430,885",764,"41,076"
20167839,39,벤허,2016-09-14,"11,410,860,395",0.7%,"1,400,301",717,"38,941"
20155422,40,굿 다이노,2016-01-07,"9,756,167,238",0.6%,"1,328,913",814,"33,127"
20157042,41,셜록: 유령신부,2016-01-02,"9,992,425,049",0.6%,"1,278,894",891,"32,683"
20159645,42,특별수사: 사형수의 편지,2016-06-16,"9,929,947,065",0.6%,"1,241,899",691,"39,372"
20142621,43,시간이탈자,2016-04-13,"9,731,838,195",0.6%,"1,202,384",733,"55,075"
20158482,44,동주,2016-02-17,"8,889,077,089",0.5%,"1,172,641",543,"39,958"
20158150,45,워크래프트: 전쟁의 서막,2016-06-09,"10,142,271,205",0.6%,"1,163,274",736,"34,087"
20150567,46,스타트렉 비욘드,2016-08-17,"10,190,375,820",0.6%,"1,157,156",716,"38,199"
20153741,47,미씽: 사라진 여자,2016-11-30,"8,881,616,256",0.5%,"1,153,109",790,"40,617"
20152371,48,"당신, 거기 있어줄래요",2016-12-14,"8,999,085,248",0.5%,"1,124,815",767,"39,181"
20163217,49,라이트 아웃,2016-08-24,"8,893,059,975",0.5%,"1,111,284",659,"34,444"
20158483,50,오빠생각,2016-01-21,"8,060,591,287",0.5%,"1,069,864",855,"44,801"
20162869,1,택시운전사,2017-08-02,"95,853,645,649",5.5%,"12,186,327","1,906","184,075"
20150976,2,신과함께-죄와 벌,2017-12-20,"68,350,496,432",3.9%,"8,539,495","1,912","91,301"
20151228,3,공조,2017-01-18,"63,783,051,326",3.6%,"7,817,618","1,392","142,989"
20167303,4,스파이더맨: 홈 커밍,2017-07-05,"59,125,813,820",3.4%,"7,258,678","1,965","164,448"
20172742,5,범죄도시,2017-10-03,"56,318,014,149",3.2%,"6,879,841","1,315","149,334"
20161481,6,군함도,2017-07-26,"50,510,565,168",2.9%,"6,592,151","2,027","108,775"
20162442,7,청년경찰,2017-08-09,"44,381,150,516",2.5%,"5,653,270","1,102","118,544"
20151229,8,더 킹,2017-01-18,"43,488,814,535",2.5%,"5,317,693","1,310","107,983"
20164721,9,미녀와 야수,2017-03-16,"42,133,751,579",2.4%,"5,138,328","1,627","140,561"
20175222,10,킹스맨: 골든 서클,2017-09-27,"40,987,484,736",2.3%,"4,945,484","1,687","95,922"
20175121,11,토르: 라그나로크,2017-10-25,"39,227,691,395",2.2%,"4,853,778","1,640","137,423"
20165748,12,꾼,2017-11-22,"31,312,029,795",1.8%,"4,018,035","1,314","117,398"
20170402,13,강철비,2017-12-14,"31,994,897,566",1.8%,"4,014,293","1,426","66,760"
20165450,14,남한산성,2017-10-03,"31,225,083,792",1.8%,"3,849,087","1,229","71,101"
20166488,15,미이라,2017-06-06,"30,504,689,978",1.7%,"3,689,325","1,257","105,228"
20167542,16,분노의 질주: 더 익스트림,2017-04-12,"29,981,156,348",1.7%,"3,653,238","1,469","113,241"
20161872,17,너의 이름은.,2017-01-04,"29,251,793,156",1.7%,"3,637,608",947,"82,978"
20173403,18,슈퍼배드 3,2017-07-26,"24,217,091,019",1.4%,"3,324,874","1,057","59,388"
20174142,19,아이 캔 스피크,2017-09-21,"25,526,451,186",1.5%,"3,279,296","1,140","93,012"
20170982,20,캐리비안의 해적: 죽은 자는 말이 없다,2017-05-24,"24,975,495,122",1.4%,"3,049,894","1,357","85,225"
20162181,21,프리즌,2017-03-23,"23,790,276,987",1.4%,"2,931,897","1,047","89,024"
20164621,22,덩케르크,2017-07-20,"24,550,541,348",1.4%,"2,788,732","1,252","65,906"
20163603,23,가디언즈 오브 갤럭시 VOL. 2,2017-05-03,"23,452,686,686",1.3%,"2,735,721","1,218","63,789"
20154909,24,살인자의 기억법,2017-09-06,"21,375,287,492",1.2%,"2,658,589","1,064","88,686"
20166967,25,트랜스포머: 최후의 기사,2017-06-21,"21,501,959,228",1.2%,"2,614,601","1,739","87,234"
20162722,26,보안관,2017-05-03,"20,844,488,409",1.2%,"2,588,628","1,091","63,709"
20150964,27,조작된 도시,2017-02-09,"20,143,992,587",1.1%,"2,515,501","1,019","62,241"
20174061,28,보스 베이비,2017-05-03,"18,936,306,704",1.1%,"2,452,245","1,116","48,379"
20166421,29,재심,2017-02-15,"19,266,319,637",1.1%,"2,421,197",935,"68,402"
20178982,30,박열,2017-06-28,"18,093,639,795",1.0%,"2,359,206","1,176","78,499"
20165443,31,모아나,2017-01-12,"18,056,417,307",1.0%,"2,310,206",953,"53,162"
20161725,32,마스터,2016-12-21,"18,283,595,800",1.0%,"2,215,266","1,245","56,141"
20161827,33,로건,2017-03-01,"18,391,060,223",1.0%,"2,169,109",954,"68,709"
20168261,34,원더 우먼,2017-05-31,"17,468,588,886",1.0%,"2,165,401","1,034","57,818"
20175262,35,겟 아웃,2017-05-17,"17,431,830,075",1.0%,"2,138,174",945,"56,530"
20179901,36,혹성탈출: 종의 전쟁,2017-08-15,"16,854,482,778",1.0%,"2,051,315","1,017","44,543"
20170590,37,1987,2017-12-27,"15,254,004,037",0.9%,"1,942,077","1,299","27,619"
20161081,38,애나벨 : 인형의 주인,2017-08-10,"15,527,492,238",0.9%,"1,934,270","1,006","35,103"
20174602,39,노무현입니다,2017-05-25,"14,556,517,612",0.8%,"1,855,149",775,"61,327"
20168221,40,저스티스 리그,2017-11-15,"14,629,677,795",0.8%,"1,786,383","1,308","73,390"
20171962,41,킬러의 보디가드,2017-08-30,"14,020,395,800",0.8%,"1,721,757",482,"42,002"
20168183,42,콩: 스컬 아일랜드,2017-03-08,"13,990,563,383",0.8%,"1,689,717",984,"56,425"
20170241,43,23 아이덴티티,2017-02-22,"13,609,648,135",0.8%,"1,675,819",952,"44,104"
20161726,44,임금님의 사건수첩,2017-04-26,"12,651,193,723",0.7%,"1,635,003","1,054","53,005"
20172603,45,부라더,2017-11-02,"11,783,109,998",0.7%,"1,492,903",889,"54,975"
20173581,46,기억의 밤,2017-11-29,"10,646,654,660",0.6%,"1,386,611",759,"52,847"
20174622,47,해피 데스데이,2017-11-08,"11,004,455,402",0.6%,"1,382,650",714,"52,101"
20164174,48,브이아이피,2017-08-23,"10,956,621,835",0.6%,"1,373,316",996,"44,650"
20162871,49,특별시민,2017-04-26,"10,494,768,945",0.6%,"1,362,634","1,154","46,377"
20179382,50,에이리언: 커버넌트,2017-05-09,"10,745,826,264",0.6%,"1,307,226",841,"41,761"
20186202,1,신과함께-인과 연,2018-08-01,"102,666,146,909",5.7%,"12,274,996","2,235","179,981"
20177478,2,어벤져스: 인피니티 워,2018-04-25,"99,926,399,769",5.5%,"11,212,710","2,553","240,501"
20185485,3,보헤미안 랩소디,2018-10-31,"80,010,440,345",4.4%,"9,224,582","1,179","204,537"
20181181,4,미션 임파서블: 폴아웃,2018-07-25,"55,888,375,112",3.1%,"6,584,915","1,957","101,374"
20150976,5,신과함께-죄와 벌,2017-12-20,"47,355,583,705",2.6%,"5,872,007","1,644","121,961"
20179086,6,쥬라기 월드: 폴른 킹덤,2018-06-06,"49,770,711,037",2.7%,"5,661,128","1,972","144,779"
20180522,7,앤트맨과 와스프,2018-07-04,"47,468,053,685",2.6%,"5,448,134","1,775","148,244"
20176122,8,안시성,2018-09-19,"46,335,334,026",2.6%,"5,440,186","1,540","110,439"
20170561,9,블랙 팬서,2018-02-14,"45,885,123,957",2.5%,"5,399,227","1,620","119,170"
20177538,10,완벽한 타인,2018-10-31,"44,350,807,074",2.4%,"5,293,435","1,325","143,055"
20170590,11,1987,2017-12-27,"42,915,772,108",2.4%,"5,290,310","1,122","110,607"
20179383,12,독전,2018-05-22,"43,485,551,113",2.4%,"5,063,684","1,532","140,007"
20179101,13,공작,2018-08-08,"42,788,851,176",2.4%,"4,974,520","1,317","99,001"
20177221,14,베놈,2018-10-03,"34,100,211,207",1.9%,"3,888,096","1,308","116,149"
20179189,15,암수살인,2018-10-03,"32,995,138,548",1.8%,"3,789,321","1,177","126,127"
20176848,16,데드풀 2,2018-05-16,"34,185,664,639",1.9%,"3,784,602","1,576","113,288"
20177552,17,국가부도의 날,2018-11-28,"30,845,862,137",1.7%,"3,747,952","1,180","100,804"
20179985,18,코코,2018-01-11,"27,685,479,440",1.5%,"3,510,017","1,177","85,925"
20180290,19,아쿠아맨,2018-12-19,"30,454,292,381",1.7%,"3,491,857","1,285","54,505"
20176104,20,그것만이 내 세상,2018-01-17,"27,450,805,382",1.5%,"3,419,339",956,"95,431"
20185341,21,마녀,2018-06-27,"27,242,029,463",1.5%,"3,189,091","1,117","90,843"
20178161,22,탐정: 리턴즈,2018-06-13,"26,909,459,678",1.5%,"3,152,872","1,137","107,907"
20183361,23,인크레더블 2,2018-07-18,"24,554,683,588",1.4%,"3,033,052","1,605","70,934"
20185046,24,서치,2018-08-29,"25,283,364,845",1.4%,"2,949,944","1,097","95,758"
20153446,25,너의 결혼식,2018-08-22,"23,676,244,369",1.3%,"2,820,969",970,"98,193"
20180804,26,곤지암,2018-03-28,"21,442,194,144",1.2%,"2,675,575","1,124","88,477"
20170669,27,지금 만나러 갑니다,2018-03-14,"20,800,916,128",1.1%,"2,602,273","1,191","97,482"
20170670,28,목격자,2018-08-15,"21,737,061,097",1.2%,"2,524,720","1,021","71,403"
20179205,29,조선명탐정: 흡혈괴마의 비밀,2018-02-08,"19,822,789,764",1.1%,"2,444,136","1,249","74,953"
20176814,30,신비한 동물들과 그린델왈드의 범죄,2018-11-14,"20,816,583,118",1.1%,"2,414,062","1,601","76,846"
20175054,31,메이즈 러너: 데스 큐어,2018-01-17,"18,902,873,104",1.0%,"2,299,732","1,090","58,918"
20181942,32,맘마미아!2,2018-08-08,"19,607,520,003",1.1%,"2,293,884",750,"59,060"
20171122,33,레디 플레이어 원,2018-03-28,"19,933,108,071",1.1%,"2,254,430","1,079","77,173"
20172204,34,명당,2018-09-19,"17,900,775,524",1.0%,"2,087,474","1,117","58,450"
20177308,35,협상,2018-09-19,"17,032,133,166",0.9%,"1,967,721",919,"57,926"
20168773,36,마약왕,2018-12-19,"15,784,724,552",0.9%,"1,813,594","1,297","41,658"
20171909,37,쥬만지: 새로운 세계,2018-01-03,"13,814,824,864",0.8%,"1,708,672",791,"41,806"
20174981,38,창궐,2018-10-25,"13,275,772,490",0.7%,"1,599,290","1,351","60,687"
20184481,39,성난황소,2018-11-22,"13,236,490,737",0.7%,"1,593,386","1,010","48,932"
20179230,40,도어락,2018-12-05,"12,792,097,886",0.7%,"1,559,616",954,"53,732"
20170841,41,리틀 포레스트,2018-02-28,"11,929,202,185",0.7%,"1,506,269",884,"68,414"
20168250,42,골든슬럼버,2018-02-14,"11,412,768,798",0.6%,"1,387,508",833,"42,991"
20176917,43,램페이지,2018-04-12,"11,951,980,109",0.7%,"1,385,511",909,"55,295"
20150969,44,궁합,2018-02-28,"10,478,875,438",0.6%,"1,340,117",966,"52,427"
20184903,45,오션스8,2018-06-13,"11,700,157,266",0.6%,"1,335,829",837,"55,372"
20178781,46,사라진 밤,2018-03-07,"10,697,981,316",0.6%,"1,315,726",925,"60,087"
20175547,47,스윙키즈,2018-12-19,"10,308,565,602",0.6%,"1,258,811",984,"32,237"
20153447,48,바람 바람 바람,2018-04-05,"9,784,385,375",0.5%,"1,194,229",985,"57,939"
20170658,49,PMC: 더 벙커,2018-12-26,"9,704,247,367",0.5%,"1,179,031","1,081","26,690"
20186281,50,범블비,2018-12-25,"9,756,083,752",0.5%,"1,167,150","1,016","26,260"
20182530,1,극한직업,2019-01-23,"139,651,845,516",7.3%,"16,265,618","2,003","292,584"
20184889,2,어벤져스: 엔드게임,2019-04-24,"122,182,694,160",6.4%,"13,934,592","2,835","242,001"
20197803,3,겨울왕국 2,2019-11-21,"111,596,248,720",5.8%,"13,369,064","2,648","282,557"
20183867,4,알라딘,2019-05-23,"106,955,138,359",5.6%,"12,552,283","1,409","266,469"
20183782,5,기생충,2019-05-30,"85,883,963,645",4.5%,"10,085,275","1,948","192,855"
20184621,6,엑시트,2019-07-31,"79,232,012,162",4.1%,"9,426,011","1,660","202,223"
20196309,7,스파이더맨: 파 프롬 홈,2019-07-02,"69,010,000,100",3.6%,"8,021,145","2,142","180,474"
20192206,8,백두산,2019-12-19,"52,905,789,770",2.8%,"6,290,502","1,971","99,915"
20181877,9,캡틴 마블,2019-03-06,"51,507,488,723",2.7%,"5,802,810","2,100","186,382"
20199950,10,조커,2019-10-02,"45,381,075,450",2.4%,"5,247,874","1,418","147,380"
20184462,11,봉오동 전투,2019-08-07,"40,588,648,538",2.1%,"4,787,538","1,476","107,030"
20175771,12,라이온 킹,2019-07-17,"41,519,457,430",2.2%,"4,743,264","1,936","126,496"
20188750,13,나쁜 녀석들: 더 무비,2019-09-11,"39,560,195,124",2.1%,"4,573,902","1,511","113,938"
20191029,14,82년생 김지영,2019-10-23,"30,298,542,310",1.6%,"3,678,156","1,486","145,441"
20196850,15,분노의 질주: 홉스&쇼,2019-08-14,"32,241,767,793",1.7%,"3,657,536","1,311","94,896"
20184047,16,토이 스토리 4,2019-06-20,"28,758,452,040",1.5%,"3,400,034","1,336","85,875"
20176103,17,돈,2019-03-20,"28,870,244,062",1.5%,"3,389,125","1,431","120,809"
20188941,18,악인전,2019-05-15,"29,133,760,150",1.5%,"3,364,712","1,307","97,351"
20195920,19,가장 보통의 연애,2019-10-02,"24,885,803,430",1.3%,"2,924,563","1,073","111,527"
20184105,20,말모이,2019-01-09,"23,685,091,520",1.2%,"2,812,877","1,203","87,591"
20185881,21,증인,2019-02-13,"20,482,789,331",1.1%,"2,534,748","1,047","89,564"
20198414,22,시동,2019-12-18,"21,236,477,800",1.1%,"2,525,986","1,515","58,603"
20195002,23,블랙머니,2019-11-13,"20,863,134,010",1.1%,"2,478,964","1,141","77,469"
20192083,24,터미네이터: 다크 페이트,2019-10-30,"20,153,895,830",1.1%,"2,409,062","1,315","81,336"
20177539,25,사바하,2019-02-20,"20,007,508,194",1.0%,"2,398,519","1,174","78,096"
20184572,26,타짜: 원 아이드 잭,2019-09-11,"19,687,029,214",1.0%,"2,229,239","1,429","66,479"
20181434,27,신의 한 수: 귀수편,2019-11-07,"18,463,776,050",1.0%,"2,157,437","1,246","82,178"
20188282,28,알리타: 배틀 엔젤,2019-02-05,"18,571,455,667",1.0%,"1,952,063","1,043","52,666"
20176251,29,내안의 그놈,2019-01-09,"16,302,228,567",0.9%,"1,902,828","1,041","61,683"
20180868,30,뺑반,2019-01-30,"15,224,305,848",0.8%,"1,826,912","1,285","47,215"
20184543,31,변신,2019-08-21,"15,417,922,925",0.8%,"1,804,112",975,"63,211"
20189463,32,주먹왕 랄프 2: 인터넷 속으로,2019-01-03,"13,877,029,723",0.7%,"1,754,375","1,453","56,412"
20184082,33,걸캅스,2019-05-09,"13,812,802,134",0.7%,"1,629,528",973,"63,163"
20180442,34,사자,2019-07-31,"12,931,566,145",0.7%,"1,611,163","1,405","47,683"
20180290,35,아쿠아맨,2018-12-19,"13,659,344,323",0.7%,"1,546,297","1,158","50,500"
20186261,36,드래곤 길들이기 3,2019-01-30,"12,346,432,876",0.6%,"1,507,922",971,"42,407"
20185784,37,나의 특별한 형제,2019-05-01,"12,081,618,074",0.6%,"1,478,156",936,"49,927"
20185352,38,어스,2019-03-27,"12,586,771,104",0.7%,"1,475,087","1,132","58,522"
20191589,39,말레피센트 2,2019-10-17,"12,191,395,690",0.6%,"1,444,952","1,108","63,768"
20181416,40,유열의 음악앨범,2019-08-28,"10,233,455,040",0.5%,"1,245,532","1,078","59,626"
20184483,41,퍼펙트맨,2019-10-02,"10,311,352,770",0.5%,"1,240,022",894,"50,055"
20192401,42,포드 V 페라리,2019-12-04,"10,612,013,680",0.6%,"1,208,407",986,"40,175"
20183096,43,생일,2019-04-03,"9,885,147,340",0.5%,"1,197,565",878,"71,797"
20187322,44,"힘을 내요, 미스터 리",2019-09-11,"9,930,518,906",0.5%,"1,181,960",990,"41,831"
20196601,45,항거:유관순 이야기,2019-02-27,"9,291,455,101",0.5%,"1,157,949","1,094","46,159"
20193601,46,장사리 : 잊혀진 영웅들,2019-09-25,"8,997,921,050",0.5%,"1,140,876","1,090","47,821"
20183844,47,마이펫의 이중생활 2,2019-07-31,"8,512,902,825",0.4%,"1,114,949",933,"30,858"
20198453,48,롱 리브 더 킹: 목포 영웅,2019-06-19,"9,228,798,910",0.5%,"1,094,404",965,"38,839"
20198681,49,쥬만지: 넥스트 레벨,2019-12-11,"8,774,663,410",0.5%,"1,054,963","1,195","42,083"
20196655,50,존 윅 3: 파라벨룸,2019-06-26,"8,205,015,858",0.4%,"1,004,365",849,"29,819"
20180939,1,남산의 부장들,2020-01-22,"41,223,596,650",17.9%,"4,750,104","1,659","140,048"
20192101,2,히트맨,2020-01-22,"20,614,278,000",8.9%,"2,406,232","1,122","87,779"
20192206,3,백두산,2019-12-19,"16,919,576,530",7.3%,"1,962,167","1,241","74,405"
20199581,4,닥터 두리틀,2020-01-08,"13,449,206,760",5.8%,"1,607,082","1,290","68,634"
20193321,5,정직한 후보,2020-02-12,"12,834,858,530",5.6%,"1,535,630","1,187","89,152"
20182447,6,클로젯,2020-02-05,"10,966,522,280",4.8%,"1,270,291","1,197","71,450"
20183002,7,해치지않아,2020-01-15,"10,154,099,090",4.4%,"1,209,689","1,216","53,441"
20184571,8,천문: 하늘에 묻는다,2019-12-26,"8,694,300,070",3.8%,"1,034,866",929,"43,242"
20192240,9,작은 아씨들,2020-02-12,"7,259,355,190",3.2%,"861,291","1,105","59,271"
20192399,10,1917,2020-02-19,"7,596,540,800",3.3%,"839,436",932,"86,647"
20196272,11,미드웨이,2019-12-31,"7,131,474,010",3.1%,"822,521",842,"32,878"
20198414,12,시동,2019-12-18,"6,876,366,560",3.0%,"792,443",825,"34,834"
20180962,13,지푸라기라도 잡고 싶은 짐승들,2020-02-19,"5,422,221,750",2.4%,"624,908",996,"65,280"
20188421,14,미스터 주: 사라진 VIP,2020-01-22,"5,067,028,660",2.2%,"602,667",692,"28,184"
20199842,15,인비저블맨,2020-02-26,"5,012,145,560",2.2%,"574,464",776,"62,952"
20196670,16,나쁜 녀석들: 포에버,2020-01-15,"4,880,576,760",2.1%,"547,775",896,"29,888"
20195462,17,스타워즈: 라이즈 오브 스카이워커,2020-01-08,"4,704,790,210",2.0%,"507,265",957,"28,695"
20192300,18,스파이 지니어스,2020-01-22,"3,699,691,180",1.6%,"450,932",712,"22,244"
20198431,19,버즈 오브 프레이(할리 퀸의 황홀한 해방),2020-02-05,"3,558,359,190",1.5%,"402,035",963,"38,319"
20197803,20,겨울왕국 2,2019-11-21,"3,214,172,730",1.4%,"378,728",665,"16,777"
20198374,21,신비아파트 극장판 하늘도깨비 대 요르문간드,2019-12-19,"1,757,416,340",0.8%,"222,234",539,"8,629"
20183782,22,기생충,2019-05-30,"1,525,886,190",0.7%,"221,778",456,"11,425"
20192401,23,포드 V 페라리,2019-12-04,"1,425,563,960",0.6%,"159,372",204,"6,759"
20198430,24,나이브스 아웃,2019-12-04,"1,224,745,880",0.5%,"147,334",163,"6,803"
20198676,25,타오르는 여인의 초상,2020-01-16,"1,235,459,908",0.5%,"146,639",156,"7,379"
20204791,26,다크 워터스,2020-03-11,"1,101,840,740",0.5%,"127,888",575,"21,734"
20184891,27,수퍼 소닉,2020-02-12,"932,457,150",0.4%,"118,725",609,"11,143"
20167904,28,라라랜드,2016-12-07,"664,926,600",0.3%,"111,705",387,"13,788"
20197390,29,조조 래빗,2020-02-05,"955,227,040",0.4%,"111,075",277,"9,124"
20100312,30,인셉션,2010-07-21,"914,391,800",0.4%,"110,297",241,"7,989"
20191408,31,21 브릿지: 테러 셧다운,2020-01-01,"774,683,700",0.3%,"100,092",228,"6,512"
20204107,32,주디,2020-03-25,"755,189,080",0.3%,"91,740",479,"17,129"
20193526,33,젠틀맨,2020-02-26,"665,284,710",0.3%,"81,417",586,"14,733"
20192984,34,극장판 미니특공대: 공룡왕 디노,2020-02-06,"620,738,720",0.3%,"79,755",485,"6,330"
20205262,35,엽문4: 더 파이널,2020-04-01,"626,621,800",0.3%,"72,413",206,"10,283"
20198818,36,프린스 코기,2019-12-24,"496,234,680",0.2%,"70,817",242,"2,166"
20199981,37,눈의 여왕4,2019-12-24,"444,649,620",0.2%,"67,159",271,"2,239"
20040598,38,해리포터와 아즈카반의 죄수,2004-07-16,"529,704,500",0.2%,"58,349",47,"3,414"
20205402,39,트롤: 월드 투어,2020-04-29,"435,292,000",0.2%,"57,115",311,"3,808"
20205708,40,스케어리 스토리:어둠의 속삭임,2020-03-25,"372,130,420",0.2%,"44,291",212,"6,531"
20196412,41,파바로티,2020-01-01,"348,527,658",0.2%,"43,486",85,"2,006"
20197397,42,나의 청춘은 너의 것,2020-04-29,"351,313,540",0.2%,"42,257",533,"4,428"
20124722,43,피아니스트의 전설,2020-01-01,"340,627,562",0.1%,"41,680",69,"2,189"
20207722,44,저 산 너머,2020-04-30,"289,334,640",0.1%,"40,459",468,"3,267"
20181685,45,호텔 레이크,2020-04-29,"309,521,240",0.1%,"37,053",461,"3,893"
20180523,46,스타 이즈 본,2018-10-09,"177,845,960",0.1%,"35,065",246,"4,804"
20206190,47,서치 아웃,2020-04-15,"295,887,200",0.1%,"33,968",355,"7,675"
20135428,48,어바웃 타임,2013-12-05,"170,719,500",0.1%,"33,564",138,"3,208"
20190280,49,날씨의 아이,2019-10-30,"259,148,060",0.1%,"33,307",79,"2,557"
20184889,50,어벤져스: 엔드게임,2019-04-24,"236,777,680",0.1%,"32,835",517,"3,314"
