단위 : 천원,2009년,2009년,2009년,2009년,2009년,2009년,2009년,2010년,2010년,2010년,2010년,2010년,2010년,2010년,2010년,2010년,2010년,2010년,2010년,2010년,2011년,2011년,2011년,2011년,2011년,2011년,2011년,2011년,2011년,2011년,2011년,2011년,2011년,2012년,2012년,2012년,2012년,2012년,2012년,2012년,2012년,2012년,2012년,2012년,2012년,2012년,2012년,2012년,2012년,2012년,2012년,2012년,2012년,2012년,2012년,2012년,2012년,2012년,2012년,2012년,2012년,2012년,2012년,2012년,2012년,2013년,2013년,2013년,2013년,2013년,2013년,2013년,2013년,2013년,2013년,2013년,2013년,2013년,2013년,2013년,2013년,2013년,2013년,2013년,2013년,2013년,2013년,2013년,2013년,2013년,2013년,2013년,2013년,2013년,2013년,2013년,2013년,2013년,2013년,2013년,2013년,2013년,2013년,2013년,2013년,2013년,2013년,2013년,2013년,2013년,2013년,2013년,2013년,2013년,2013년,2013년,2013년,2013년,2013년,2013년,2013년,2013년,2013년,2013년,2013년,2013년,2013년,2013년,2013년,2013년,2013년,2013년,2013년,2013년,2013년,2013년,2013년,2013년,2013년,2013년,2013년,2013년,2013년,2014년,2014년,2014년,2014년,2014년,2014년,2014년,2014년,2014년,2014년,2014년,2014년,2014년,2014년,2014년,2014년,2014년,2014년,2014년,2014년,2014년,2014년,2014년,2014년,2014년,2014년,2014년,2014년,2014년,2014년,2014년,2014년,2014년,2014년,2014년,2014년,2014년,2014년,2014년,2014년,2014년,2014년,2014년,2014년,2014년,누계,"점유율
(누계기준)",비고
지역,7월,8월,9월,10월,11월,12월,소계,1월,2월,3월,4월,5월,6월,7월,8월,9월,10월,11월,12월,소계,1월,2월,3월,4월,5월,6월,7월,8월,9월,10월,11월,12월,소계,1월,2월,3월,4월,5월,6월,7월,8월(1~14),8월(15~31),8월(합계),9월(1~9),9월(10~16),9월(17~23),9월(24~30),9월(합계),10월(1~7),10월(8~14),10월(15~21),10월(22~28),10월(29~31),10월(합계),11월(1~11),11월(12~18),11월(19~25),11월(26~30),11월(합계),12월(1~9),12월(10~16),12월(17~23),12월(24~31),12월(합계),소계,1월(1~6),1월(7~13),1월(14~20),1월(21~27),1월(28~31),1월(합계),2월(1~10),2월(11~17),2월(18~24),2월(25~28),2월(합계),3월(1~10),3월(11~17),3월(18~24),3월(25~31),3월(합계),4월(1~7),4월(8~14),4월(15~21),4월(22~30),4월(합계),5월(1~5),5월(6~12),5월(13~15),5월(16~19),5월(20~23),5월(24~30),5월(31),5월(합계),6월(1~6),6월(7~13),6월(14~20),6월(21~27),6월(28~30),6월(합계),7월(1~4),7월(5~11),7월(12~18),7월(19~25),7월(26~31),7월(합계),8월(1~4),8월(5~8),8월(9~15),8월(16~23),8월(24~31),8월(30~31),8월(합계),9월(1~5),9월(6~12),9월(13~16),9월(17~19),9월(20~24),9월(25~26),9월(27~30),9월(합계),10월(1~10),10월(11),10월(12~14),10월(15~16),10월(17~20),10월(21~24),10월(25~31),10월 합계,11월(1~10),11월(11~14),11월(15~21),11월(22~28),11월(29~30),11월 합계,12월(1~5),12월(6~12),12월(13~19),12월(20~26),12월(27~30),12월(31),12월 합계,소계,1월(1~2),1월(3~9),1월(10~16),1월(17~23),1월(24~31),1월합계,2월(1~6),2월(7~13),2월(14~20),2월(21~28),2월합계,3월(1~6),3월(7~13),3월(14~20일),3월(21~26),3월(27~31),3월합계,4월(1~3),4월(4~9),4월(10~17),4월(18~24),4월(25~30),4월합계,5월(1~8),5월(9~15),5월(16~22),5월(23~29),5월(30),5월합계,6월(1~3),6월(4~10),6월(11~17),6월(18~24),6월(25~30),6월합계,7월(1),7월(2~8),7월(9~15),7월(16~22),7월(23~29),7월(30~31),7월합계,8월(1~3),8월합계,소계,,,
서울,12180,42895,1841330,159465,98150,376990,2531010,729750,2999990,135815,272690,165540,203145,334480,246100,6761010,422330,844665,1095075,14210590,3576940,907555,531845,695720,795110,922550,1308235,8285305,28890230,1996105,3159315,2603960,53672870,11304035,1282635,1859660,2121605,4346385,1731465,1977165,208125,913790,1121915,927440,24316535,27429030,3520240,56193245,240300,733235,159085,267695,228230,1628545,1157475,205395,368810,520910,2252590,776270,335635,851445,2062275,4025625,89844870,114670,109740,133035,1263485,2816420,4437350,17422440,2958990,256260,290790,20928480,389245,227435,410390,315900,1342970,233500,221020,239700,1918700,2612920,865155,856830,241375,173165,437000,364940,17490,2955955,148185,339700,214190,277205,78390,1057670,289725,204960,334700,359245,189250,1377880,35925,144910,465830,572375,1814040,,3033080,7433270,21342705,3700965,574220,202845,521910,96150,33872065,381905,114860,40910,163510,193000,441515,235085,1570785,353855,202440,301390,320940,59075,1237700,390595,379630,754045,11519220,1160585,154220,14358295,88785150,141880,467680,1850920,8012150,12644265,23116895,445060,717960,1221535,1657635,4042190,1022980,962900,620340,335070,352435,3293725,316025,627315,698430,1067310,2460500,5169580,534250,1213375,2061830,1929155,275520,6014130,521780,1029175,1143830,1202885,2021915,5919585,439925,2075080,1570420,1383620,1121880,670935,7261860,814385,814385,55632350,304676840,24,서울청
부산,6225,47915,776985,74450,59245,82200,1047020,158095,1686660,424640,545515,204670,418700,258285,160570,1904615,351125,362295,693180,7168350,1945815,1038000,634815,748540,751865,667160,590895,1093735,2693320,774110,659745,1170100,12768100,2715005,1117550,2040270,1901070,1443725,1082695,1023150,299930,404950,704880,186465,363415,978805,831455,2360140,57370,37735,73430,62945,28255,259735,71990,128815,66445,41865,309115,97015,174070,256900,524800,1052785,16010120,21695,53440,260180,130395,354840,820550,1449225,54005,208215,139115,1850560,112575,254405,514485,530980,1412445,358610,283105,369535,454550,1465800,83585,195205,73525,37335,151260,123595,14480,678985,45895,165315,32450,217635,8390,469685,37795,49380,52150,119000,36270,294595,10075,34050,39930,116395,589465,,789915,644065,1439075,448105,114195,35055,82955,33810,2797260,131370,20010,14330,24520,30230,140245,99070,459775,103175,60255,149105,87265,22125,421925,124230,164485,319090,514995,120140,308320,1551260,13012755,16990,111830,647820,856345,867255,2500240,199530,185555,257710,508855,1151650,89865,105955,133810,192270,124155,646055,105525,176430,291170,256955,529130,1359210,296830,222510,221030,267080,26405,1033855,116865,344650,667445,784400,843030,2756390,266280,1322790,1070095,1138345,1019330,530065,5346905,343485,343485,15137790,65144135,5.1,부산울산청
대구,9175,34265,251495,26555,3740,18390,343620,35630,270015,47770,20320,23815,28000,10220,12460,2075675,108775,162675,292820,3088175,2316105,294120,173825,215655,154565,148020,122260,542050,1623135,357825,233970,394000,6575530,2118725,297300,392270,566525,1090745,790070,589345,196300,408210,604510,123930,260995,995675,1022120,2402720,43670,78690,70110,77415,26715,296600,134065,59460,75010,65855,334390,55785,53845,108340,230995,448965,9932165,15415,24620,100350,215830,904850,1261065,1562805,40085,100435,60205,1763530,60170,41165,64760,65145,231240,57170,62720,123825,203905,447620,29740,114800,19395,21690,62300,69895,33100,350920,39945,63780,166880,83725,13695,368025,54095,40005,64495,76250,54625,289470,13610,17530,23475,81610,351215,,487440,726450,1836965,574260,161090,36525,36560,59700,3431550,343210,21830,18945,77845,35765,51720,122085,671400,172920,52820,168725,122310,35015,551790,52780,174580,315590,475820,80270,21925,1120965,10975015,21430,562335,513635,1588930,1038720,3725050,135340,181780,242395,257315,816830,81400,96770,85635,234605,390590,889000,60195,107340,312695,221930,289480,991640,140155,350690,160035,137245,37150,825275,35535,572595,1166075,746995,522170,3043370,209450,1130445,1797515,1182345,841195,323105,5484055,543645,543645,16318865,47233370,3.7,대구경북청
인천,815,2490,244730,23120,10060,80385,361600,38655,144240,24155,20290,14480,18480,22890,9580,400340,41320,60940,147850,943220,2063265,206530,134330,184900,280515,297110,219515,798505,2174030,363935,305815,551810,7580260,2816455,504660,533755,711745,449730,468740,505615,145175,250655,395830,74890,285795,1057160,1204525,2622370,18625,130065,25000,47320,22605,243615,53655,21395,38035,47305,160390,41610,57710,199850,127345,426515,9839420,11235,55040,102795,377555,741420,1288045,1181795,35045,57445,29350,1303635,29775,25495,51830,104485,211585,64035,75155,24905,111160,275255,139935,28635,20180,7160,32790,60100,52760,341560,56295,44390,28920,42650,4260,176515,33760,35480,78275,32470,38875,218860,3880,28620,30585,44430,232545,,340060,417210,1428380,275770,44175,22890,79100,23495,2291020,75550,33110,2600,9560,20495,35875,118400,295590,64190,31715,64290,103995,15250,279440,55270,98875,59945,253160,45375,24440,537065,7558630,6670,290285,570695,1229670,861425,2958745,141320,93460,152055,135170,522005,64245,256005,228620,146895,173165,868930,167290,218120,331220,287390,324800,1328820,77115,83305,58325,113025,16560,348330,56385,132005,239420,254940,168005,850755,104550,347425,176505,147355,195930,94250,1066015,125580,125580,8069180,34352310,2.7,인천청
광주,760,13190,274170,41185,7575,30280,367160,25595,311515,27290,50495,27010,45095,25600,24140,543695,55230,46350,131960,1313975,515215,252495,364980,248875,267090,147865,130950,315340,577280,291355,149245,396080,3656770,776770,314725,361445,474445,386550,560745,211345,54125,119995,174120,80875,264980,593940,384240,1324035,28780,21420,32280,35945,35280,153705,59410,33185,56250,61235,210080,48810,39860,48680,111700,249050,5197015,9150,35000,14685,191945,122525,373305,768790,14880,18350,12075,814095,8530,17340,31035,13245,70150,180400,74785,119500,128200,502885,53330,74155,20640,33015,57630,45760,6180,290710,59740,39745,31940,38295,7760,177480,34495,20815,33765,22185,21715,132975,11490,18505,18580,27795,164600,,240970,295970,934525,315010,1446735,55330,26930,15420,3089920,46435,5490,6125,16535,20165,74020,67385,236155,54225,43310,66725,76385,17335,257980,38505,96770,106180,687585,79430,13760,1022230,7208855,17590,63060,94335,1113320,563005,1851310,35745,23965,190050,66700,316460,21820,25450,26510,35215,33745,142740,47030,29155,229590,104220,273245,683240,108780,126890,143190,47740,24570,451170,17130,102405,131235,234780,393390,878940,155485,520390,462045,345815,337875,153760,1975370,150205,150205,6449435,24193210,1.9,광주전남청
대전,11350,86945,569055,40450,70215,133255,911270,40430,644645,54325,43940,274835,61630,70975,207080,1462420,48200,158270,430035,3496785,1312005,109275,77425,617655,400995,88960,129495,599785,1097165,323980,166025,658885,5581650,1181890,307430,201645,436050,1221980,340675,136360,35535,64875,100410,144330,467030,693300,1446035,2750695,23195,106065,94100,61550,32875,317785,63580,30325,225860,35790,355555,144815,530335,105510,551245,1331905,8682380,26370,31960,98050,244895,327750,729025,709020,63500,71760,119250,963530,17230,11820,11940,53410,94400,558735,49380,197255,831495,1636865,141605,104880,15750,51655,483420,265175,67780,1130265,53670,68420,54260,48385,6710,231445,37250,26400,127365,31265,18395,240675,13035,17910,10205,52585,435990,,529725,255250,686550,659930,15465,48255,45900,15560,1726910,129410,2320,309740,19380,77420,26400,55670,620340,66000,35740,47520,66765,20590,236615,82070,121690,89600,240080,86005,22495,641940,8781735,39165,23720,339870,1081180,643695,2127630,60220,60910,262730,78960,462820,21870,62015,119050,29885,413285,646105,151330,81185,158990,285915,881860,1559280,748855,198700,650950,355050,14820,1968375,15200,65085,82770,164460,216085,543600,225160,204245,187090,245575,456345,68280,1386695,38380,38380,8732885,36186705,2.8,대전충남청
울산,260,12635,160760,23340,18825,87060,302880,32635,378035,49420,30160,9810,100580,179525,8920,667610,188265,62830,147995,1855785,347250,49190,138100,25675,96350,43805,178305,49310,3628870,92525,111610,311690,5072680,4196910,66190,303560,462060,251685,306805,364195,12790,151700,164490,3174860,3942190,712575,312390,8142015,8300,26265,33460,9705,75920,153650,24165,12665,12585,24840,74255,27490,76285,244870,178230,526875,15012690,12510,4220,16530,3268235,181655,3483150,825775,8685,15255,31945,881660,13700,85875,38975,100130,238680,83965,176155,136460,170320,566900,51090,133505,15110,24060,43150,28020,17315,312250,20820,23300,28135,32590,71725,176570,18670,23215,213355,16175,5945,277360,5090,6605,6660,55595,2943260,,3017210,589310,1503220,7013430,40865,24220,14465,5820,9191330,60625,1170,5640,6910,8350,22540,111980,217215,28165,24725,31800,19625,3640,107955,28345,250100,70765,287010,80135,15625,731980,19202260,3570,22705,352470,1330235,629565,2338545,14265,37355,45305,121685,218610,10080,145630,20340,19240,18710,214000,36195,64970,207580,203710,269380,781835,78415,71770,87940,74260,6680,319065,35365,170385,124760,211830,360340,902680,43500,283810,422125,313240,314815,160115,1537605,287725,287725,6600065,48046360,3.8,부산울산청
경기,15705,25745,1070595,264915,211810,526350,2115120,227210,3126635,117385,403040,218275,221745,50160,91625,3108580,197955,201795,1184380,9148785,2151340,467830,621200,852765,714785,645000,936255,3530410,36319725,1614620,1930770,4818180,54602880,10826345,1485925,1520000,1835145,2174035,2680825,1445705,399210,1506830,1906040,3295715,72557200,31171455,1744055,108768425,63250,193610,73615,104850,41485,476810,82540,87230,122330,140155,432255,165375,163250,616740,607075,1552440,135103950,18000,235835,106430,2405275,3187070,5952610,8747065,97800,112935,105660,9063460,168875,69860,129500,105015,473250,222560,85925,119985,1133140,1561610,103000,180920,34985,56230,139625,124970,17810,657540,105005,174245,325730,97850,63750,766580,70665,88225,70275,62710,64705,356580,15530,58500,38510,118040,2435275,,2665855,3396650,23112855,10706910,5375290,133940,145235,92905,42963785,203605,26810,72125,44450,38035,76415,1179485,1640925,381205,109445,193630,191390,39105,914775,190500,206515,548900,3971620,293835,114390,5325760,72342730,123855,322355,867825,5509055,4714130,11537220,209810,302235,943880,505610,1961535,287045,388705,294430,303250,266110,1539540,294780,402085,447650,1074345,2294940,4513800,121030,151375,92015,258055,71030,693505,84045,243785,466340,632715,770235,2197120,289440,653100,492925,478170,459135,285320,2658090,227820,227820,25328630,298642095,23.5,경기청
강원,5115,4040,126035,28790,7440,104095,275515,17715,194955,12265,16225,12905,17995,23815,12895,362735,31770,45645,109980,858900,440540,82815,54500,242850,111205,131360,105350,246140,879710,252995,204520,342725,3094710,952360,498130,463095,367210,370910,300100,228250,66400,110180,176580,61550,164165,363580,620185,1209480,24335,49155,66910,110580,50255,301235,72800,77165,100375,51345,301685,70965,81090,136625,518115,806795,5975830,6525,43325,21115,86625,544270,701860,777645,75770,159245,90470,1103130,43325,151155,190265,87505,472250,65930,92075,72335,201640,431980,27730,86600,35705,31190,94905,78325,25345,379800,52490,82035,72180,80130,290,287125,26815,31125,27335,67285,43325,195885,10240,37630,24645,83820,247860,,404195,107720,611155,171855,53185,23705,36780,13445,1017845,89305,8380,19800,19515,76280,61430,163410,438120,94790,53895,82530,106020,29930,367165,51155,130785,104290,141605,113045,22370,563250,6362605,6855,71935,204890,452745,434805,1171230,47645,99125,262155,428530,837455,35635,62510,198180,117665,32580,446570,141620,35475,176445,57480,213765,624785,57745,69000,57960,54870,13090,252665,18740,89585,87345,114950,71525,382145,19525,340305,78460,147940,123020,57580,766830,15825,15825,4497505,21065065,1.7,강원청
충북,3205,14160,197680,38655,18705,56080,328485,95005,313850,44615,28700,52250,23110,67730,28215,942030,32100,28710,101550,1757865,286080,76745,47350,49425,44425,37175,47065,140305,582340,447935,132965,1164260,3056070,548735,544395,255850,564020,418235,240775,154185,52185,105525,157710,20380,57125,405010,484330,966845,27740,33730,52115,99790,43555,256930,48030,22905,37570,58545,167050,33080,22850,75870,111695,243495,4518225,8175,20590,23800,49830,146345,248740,505970,57265,157765,19175,740175,25395,27370,35895,49420,138080,116820,176710,306675,342210,942415,43000,98535,44680,48895,117090,42350,12665,407215,34330,32160,46215,42470,9585,164760,56850,68885,22455,28825,19745,196760,17485,5955,6930,51545,86800,,168715,99730,526545,271410,61685,24865,26860,21125,1032220,53975,2425,5460,11355,16070,37690,36185,163160,54185,34585,86265,104175,9070,288280,77795,116440,85335,147605,60920,11910,500005,4990525,2860,115410,51325,345370,718145,1233110,35720,71375,268045,202715,577855,42520,112790,28525,13940,74155,271930,41095,102535,146210,234415,517980,1042235,218050,128450,261035,88425,15680,711640,24075,79090,130540,753955,109130,1096790,16585,99080,102675,121625,66255,36520,442740,17765,17765,5394065,20045235,1.6,충북청
충남,2030,17500,120025,15100,5840,31595,192090,7045,287045,7850,9885,13090,21650,13535,24905,670830,67800,102770,83255,1309660,356630,109710,42060,66460,92765,70425,67735,479875,2114760,276145,106575,228965,4012105,1011480,137590,429640,1547320,191725,180985,180640,53515,47565,101080,74685,412980,3875975,1200590,5564230,9830,28680,93050,27905,28780,188245,45880,16385,22640,17105,102010,27435,72025,56475,83725,239660,9874605,16940,13110,207665,73680,89630,401025,775885,36825,40645,82890,936245,18150,8135,47810,65420,139515,202580,165765,530805,979935,1879085,36915,136725,9315,11260,16710,52570,1180,264675,21280,22295,18335,35740,16040,113690,11830,22055,32040,21330,23900,111155,11530,12055,13780,33590,229255,,300210,144295,3946020,552710,18160,17680,928495,18150,5625510,65070,6560,590,380930,246965,24830,42825,767770,43240,27080,64495,36380,12280,183475,47850,62705,125970,706450,53320,21150,1017445,11739800,5055,24420,132615,542465,288225,992780,47930,104255,147515,228015,527715,58900,58755,72030,91385,37230,318300,92480,84900,158415,105110,173775,614680,100855,1237925,342995,60885,54910,1797570,19045,58395,95155,87330,98210,358135,32505,105225,91265,100485,86805,47330,463615,24340,24340,5097135,32225395,2.5,대전충남청
전북,65,3560,117730,18720,9675,19160,168910,217640,1112605,791780,867865,830325,912010,821480,809635,1700650,1174570,1102000,890845,11231405,1795475,965970,1394910,1417765,1413350,1399275,1395195,1929520,2341460,1635405,1670975,2061450,19420750,3007020,1934960,2421995,3324115,3417000,2286560,1873875,293670,569250,862920,283615,362090,1032040,1026585,2704330,232225,357085,423720,431405,262805,1707240,563195,383895,554390,378020,1879500,382080,432475,509310,491465,1815330,27234845,129650,164240,264855,520490,622250,1701485,899165,176400,391250,224985,1691800,297965,311150,357005,261255,1227375,301005,457990,533710,674590,1967295,255095,408750,154250,188235,376735,268080,61520,1712665,196040,427650,470075,259225,78870,1431860,225615,264325,217130,396785,178085,1281940,116150,186240,174580,460555,491345,,1428870,412670,1102895,266775,127875,91645,73020,90160,2165040,305870,42610,36120,77605,173525,209430,170085,1015245,316280,143680,297780,195275,89620,1042635,214115,267340,207735,460635,129680,71645,1351150,18017360,65610,197585,523245,1042835,807210,2636485,226020,254340,436845,332390,1249595,251280,263180,369920,266240,286830,1437450,226545,363880,782340,660975,485440,2519180,338545,301440,316755,217515,72985,1247240,81150,430190,545025,756545,581625,2394535,219270,934705,697950,722015,541405,230735,3346080,224500,224500,15055065,91128335,7.2,전북청
전남,1145,4770,146785,21870,2035,41040,217645,7715,382555,73470,105215,92580,121215,826825,1702750,3120465,2156300,1855030,1167625,11611745,2327740,2023005,3049700,2205660,1571640,1706845,3020280,1488160,1989050,2468695,3074615,3192115,28117505,5782335,3171805,3504150,3756560,4138550,3678140,3190195,1234945,1153060,2388005,36690,50430,257550,640090,984760,45765,47715,52435,51680,29165,226760,55435,136315,69650,67415,328815,78910,60185,133485,2068885,2341465,33491540,294100,52845,37680,58130,88770,531525,555025,6295,43790,45585,650695,13790,92525,39340,56305,201960,152260,43930,130430,281905,608525,92055,159800,48010,88300,145595,184880,21605,740245,34645,48400,39160,67800,4880,194885,20800,13215,34585,67665,11590,147855,9590,11160,5095,14010,143745,,183600,222495,759610,385760,92470,137205,142740,129450,1869730,409765,29160,46370,94440,90765,179535,225220,1075255,405560,273250,164285,171240,49050,1063385,323010,317915,299925,270495,1457940,79945,2749230,10016890,48570,454665,223760,625440,730815,2083250,267155,487335,406710,296435,1457635,382320,314610,289575,226475,284730,1497710,324385,313350,379105,337930,389995,1744765,346060,473685,370260,173850,54195,1418050,100635,377715,589145,191495,205730,1464720,377790,521440,275595,248970,214330,75945,1714070,241490,241490,11621690,95077015,7.5,광주전남청
경북,13295,20865,515100,90465,13525,66030,719280,25550,937590,29845,18765,17710,19630,14220,10830,1157980,58465,60230,148735,2499550,1002195,195645,271900,177375,178675,131505,109515,516730,1034775,350185,115245,559465,4643210,3930115,527695,409880,1899855,1747875,1135975,284790,70395,315255,385650,63540,360710,4284180,856785,5565215,27655,46475,30040,49095,6340,159605,48860,59510,58285,29090,195745,58565,46285,116395,2685180,2906425,19148825,320300,112680,38770,259445,299470,1030665,863780,42975,53880,66680,1027315,39070,61720,87490,100540,288820,89440,265050,461430,467875,1283795,153560,220390,121320,91005,185955,78055,10900,861185,54260,53930,54000,157975,31435,351600,19420,42435,29800,57935,12015,161605,23655,15455,19785,53505,201730,,314130,395390,3361290,238230,96635,30485,53625,25970,4201625,122840,11690,13235,22295,36170,33555,39670,279455,84645,35445,62190,41565,11680,235525,100980,209180,177905,2128675,281790,78185,2976715,13012435,36175,68150,166255,710380,633405,1614365,57470,94000,273775,189595,614840,140880,55845,131735,50755,31575,410790,49890,147375,683930,569735,420590,1871520,194865,348855,161690,74230,20255,799895,12805,124570,315060,254520,319670,1026625,47080,372045,355375,261075,234445,173250,1443270,69805,69805,7851110,47874410,3.8,대구경북청
경남,205,7925,308080,63720,13010,45625,438565,34370,1362625,154015,36630,26555,15715,9120,14445,1881930,336620,223655,376900,4472580,1047850,284650,249595,281730,278260,388185,398765,1769300,1693935,602380,452075,643240,8089965,1903835,569670,793645,1289135,1902495,595295,512940,185605,354520,540125,221735,11563460,3210515,1820640,16816350,35055,50035,123545,62670,36515,307820,50230,50320,37440,47720,185710,112640,44475,104855,170950,432920,25849940,25470,22375,58395,202945,309745,618930,2023380,35355,81900,44380,2185015,52565,57910,38600,79970,229045,256795,528190,208505,313365,1306855,97640,109135,27750,37060,154005,166560,39115,631265,94905,75500,85075,113665,7445,376590,40105,38790,37310,58715,33690,208610,23410,35960,25075,75575,329220,,489240,387145,1575110,1015975,61225,47860,68340,23995,3179650,114830,10325,4535,56140,105865,44025,93120,428840,128730,76555,150435,94545,29950,480215,116985,203980,214965,5530320,200870,87875,6354995,16489250,28440,156495,199415,677485,769590,1831425,141580,132300,263335,269360,806575,80260,114070,108340,72735,47820,423225,216410,207755,809820,2722980,541585,4498550,159715,168585,169865,165440,32035,695640,105855,208115,446520,376300,475435,1612225,83910,342100,392470,394800,455665,226795,1895740,98185,98185,11861565,67201865,5.3,경남청
제주,5575,29955,76055,9805,3815,15225,140430,6725,68020,9725,8335,9850,14770,4445,7330,137765,31830,13525,54615,366935,89360,178730,121950,278380,196565,109680,96060,176280,358460,241865,255455,384320,2487105,439170,582075,349475,402845,566320,567780,161905,40310,39370,79680,8660,16410,134910,184185,344165,7020,13890,8120,8320,4320,41670,21740,1870,19400,15110,58120,18410,10300,27670,81830,138210,3731415,4800,4060,1680,6780,26110,43430,168855,23070,33350,34445,259720,6940,7550,29340,74520,118350,8550,20780,8635,13775,51740,12500,36290,1040,7445,9225,10055,11740,88295,6210,13930,3385,8430,2350,34305,6710,23055,3130,3750,15690,52335,420,3460,21350,2740,37935,,65905,32045,100070,71405,9300,23040,24640,13010,273510,34080,16740,6650,19380,3820,34320,33580,148570,30230,2475,17635,38050,9530,97920,32345,64835,40430,91095,73955,32430,335090,1569170,620,15260,41665,90835,105035,253415,24735,61045,114395,46120,246295,14925,10320,19950,33035,49910,128140,14400,33420,61970,26795,73170,209755,33660,38150,369095,29030,4425,474360,17990,56305,51440,82200,70590,278525,11070,56195,53265,76170,67905,24010,288615,20990,20990,1900095,10195150,0.8,광주전남청
세종시,0,0,0,0,0,0,0,0,0,0,0,0,0,0,0,0,0,0,0,0,0,0,0,0,0,0,0,0,0,0,0,0,0,  ,  ,  ,  ,  ,  ,  ,3015,17450,20465,  ,9610,8080,55095,72785,1170,260,530,1660,500,4120,1485,465,2320,205,4475,1120,6295,11990,30400,49805,151650,7300,5550,330,2290,22775,38245,90445,180,4320,38300,133245,47140,820,60770,3730,112460,12925,4060,42455,12645,72085,2065,72025,3880,6975,63230,5530,800,154505,29755,6995,16950,3520,20,57240,640,10185,1400,3315,925,16465,3880,810,2890,1560,22370,,31510,86220,44900,33950,5340,8350,7445,5120,191325,16140,2375,0,3940,1980,6020,8075,38530,8810,3590,16490,10830,510,40230,11500,23325,12120,53965,31895,3890,136695,1022535,7840,42330,106960,116345,89160,362635,22620,22835,71905,68265,185625,36880,33910,58380,1755,1255,132180,2890,3190,104860,4805,52860,168605,40275,94925,6690,5750,5580,153220,1240,23890,10200,13710,9745,58785,1085,9745,6850,17860,11100,3110,49750,3940,3940,1114740,2288925,0.2,대전충남청
전자상품권(BC),  ,  ,  ,  ,  ,  ,  ,  ,  ,  ,  ,  ,  ,  ,  ,  ,  ,  ,  ,  ,  ,  ,  ,  ,  ,  ,  ,  ,  ,  ,  ,,0,541850,102500,7850,4350,11650,22750,14350,  ,104250,104250,  ,  ,  ,4573950,4573950,  ,  ,  ,  ,48700,48700,  ,  ,  ,6370,6370,  ,  ,  ,103630,103630,5542200,0,0,0,0,34530,34530,0,0,0,69900,69900,0,0,0,41330,41330,0,0,0,47740,47740,0,0,0,0,0,16064,0,16064,0,0,2148050,904480,34300,3086830,0,0,0,0,43810,43810,0,0,0,0,0,,0,0,398320,6926213,0,2696850,0,333240,10354623,0,0,0,0,0,0,0,0,0,0,0,106200,0,106200,0,0,664600,0,124633,0,789233,14590260,  ,  ,  ,  ,  ,  ,0,0,0,1745300,1745300,380455,0,0,0,0,380455,557760,0,0,0,0,557760,590965,0,0,0,0,590965,0,0,0,0,578988,578988,0,0,0,0,0,406900,406900,,0,4260368,24392828,1.9,전자
전자상품권(신협),  ,  ,  ,  ,  ,  ,  ,  ,  ,  ,  ,  ,  ,  ,  ,  ,  ,  ,  ,  ,  ,  ,  ,  ,  ,  ,  ,  ,  ,  ,  ,,0,  ,  ,  ,  ,  ,  ,  ,  ,18350,18350,  ,  ,  ,609900,609900,  ,  ,  ,  ,  ,  ,  ,  ,  ,  ,  ,  ,  ,  ,  ,  ,628250,0,0,0,0,0,0,0,0,0,6850,6850,0,0,0,0,0,0,0,0,0,0,0,0,0,0,0,15900,0,15900,0,0,0,0,0,0,0,0,0,0,1200,1200,0,0,0,0,0,,0,0,7350,69288,0,0,0,0,76638,0,0,0,0,0,0,0,0,0,0,0,0,0,0,0,0,0,0,0,0,0,100588,  ,  ,  ,  ,  ,  ,0,0,0,0,0,0,0,0,0,0,0,0,0,0,0,0,0,0,0,0,0,0,0,0,0,0,0,0,0,0,0,0,0,0,,0,,0,0,728838,0.1,전자
소계,87105,368855,6796610,940605,553665,1713760,10460600,1699765,14220980,2004365,2478070,1993700,2243470,2733305,3371480,26898330,5302655,5331385,7056800,75334305,21573805,7242265,7908485,8309430,7348160,6934920,8855875,21960750,87998245,12090060,12728920,19481245,222432160,54053035,13445235,15848185,21664055,24129595,16970380,12854010,3351230,6655780,10007010,8779360,115455120,77203780,22537395,223975655,894285,1954110,1411545,1510530,1002300,6772770,2554535,1327300,1867395,1608880,7358110,2140375,2206970,3605010,10739540,18691895,425769935,1042305,988630,1486345,9357830,10820425,23695535,39327065,3727125,1806800,1512050,46373040,1344440,1451730,2139430,2108305,7043905,2965280,2782795,3626145,8287150,17661370,2188000,3017180,886910,914675,2570625,2000824,411785,11989999,1053470,1681790,3835930,2511770,439895,9522855,985240,1002550,1379565,1424905,813755,5606015,324995,635355,927905,1845725,10756650,,14490630,15645885,64717540,33697951,8297910,3660745,2315000,1016525,129351556,2583985,355865,603175,1048310,1174900,1499565,2801330,10067130,2390205,1211005,1965290,1892955,453755,7913210,1938030,2889150,4197390,27480335,4473823,1084575,42063303,325778548,573175,3010220,6887700,25324785,26538450,62334330,2112165,2929830,5560340,7138655,17740990,3023360,3069420,2805370,2170415,2618280,13686845,2845845,2998480,5980420,8222000,10192495,30239240,4186165,5279630,5531660,4051605,745890,19794950,1263840,4107940,6292305,6864010,7815818,26343913,2542610,9318125,8232625,7325405,6547435,3568005,37534205,3248065,3248065,210922538,1270698086,100,
누계,87105,455960,7252570,8193175,8746840,10460600,10460600,12160365,26381345,28385710,30863780,32857480,35100950,37834255,41205735,68104065,73406720,78738105,85794905,85794905,107368710,114610975,122519460,130828890,138177050,145111970,153967845,175928595,263926840,276016900,288745820,308227065,308227065,362280100,375725335,391573520,413237575,437367170,454337550,467191560,470542790,477198570,477198570,485977930,601433050,678636830,701174225,701174225,702068510,704022620,705434165,706944695,707946995,707946995,710501530,711828830,713696225,715305105,715305105,717445480,719652450,723257460,733997000,733997000,733997000,735039305,736027935,737514280,746872110,757692535,757692535,797019600,800746725,802553525,804065575,804065575,805410015,806861745,809001175,811109480,811109480,814074760,816857555,820483700,828770850,828770850,830958850,833976030,834862940,835777615,838348240,840349064,840760849,840760849,841814319,843496109,847332039,849843809,850283704,850283704,851268944,852271494,853651059,855075964,855889719,855889719,856214714,856850069,857777974,859623699,870380349,,870380349,886026234,950743774,984441725,992739635,996400380,998715380,999731905,999731905,1002315890,1002671755,1003274930,1004323240,1005498140,1006997705,1009799035,1009799035,1012189240,1013400245,1015365535,1017258490,1017712245,1010229100,1012167130,1015056280,1019253670,1046734005,1051207828,1052292403,1052292403,1059775548,1060348723,1063358943,1070246643,1095571428,1096785093,1122109878,1124222043,1127151873,1132712213,1139850868,1139850868,1142874228,1145943648,1148749018,1150919433,1153537713,1153537713,1156383558,1156536193,1162363978,1164758193,1172556473,1183776953,1187963118,1193242748,1198774408,1202826013,1203571903,1203571903,1204835743,1208943683,1215235988,1222099998,1229915816,1229915816,1232458426,1241776551,1250009176,1257334581,1263882016,1267450021,1267450021,,0,1270698086,1270698086,100,
